source,kind,checkpoint,manifest,macro_f1,recording_mean,osd_f1,acc,mae,f1_0,f1_1,f1_2,f1_3,f1_per_class,n_units,frames,ece,brier,mean_edit_score,mean_fragmentation_rate,per_corpus,pooled_transition_confusion
logs/diarizen_gap_check/ami_test_conf.json,confusion_100hz,,,0.7653940360683946,,0.8181114020797491,0.9100899854185999,0.09277378814194827,0.8910828495681414,0.944184483791958,0.7461960504853417,0.4801127604281373,"[0.8910828495681414, 0.944184483791958, 0.7461960504853417, 0.4801127604281373]",570,5066043,,,,,,
logs/diarizen_gap_check/dipco_eval_conf.json,confusion_100hz,,,0.4953213856036448,,0.5349521110050953,0.6687065558566414,0.38165743309081634,0.5247798221209885,0.7903482884635609,0.4001184271225652,0.2660390047074647,"[0.5247798221209885, 0.7903482884635609, 0.4001184271225652, 0.2660390047074647]",107,936979,,,,,,
logs/diarizen_gap_check/msdwild_manyval_conf.json,confusion_100hz,,,0.642140553470439,,0.7109651700021891,0.8283511642542479,0.18443813610815737,0.7467013213246604,0.8985275477062736,0.6095948305144997,0.3137385143363224,"[0.7467013213246604, 0.8985275477062736, 0.6095948305144997, 0.3137385143363224]",268,1474592,,,,,,
logs/diarizen_gap_check/voxconverse_voxlock_conf.json,confusion_100hz,,,0.6563862836224583,,0.6587577471237082,0.9351305985171788,0.06674206715433356,0.7815688413948925,0.963820026242807,0.6438929576114407,0.23626330924069325,"[0.7815688413948925, 0.963820026242807, 0.6438929576114407, 0.23626330924069325]",964,8072450,,,,,,
logs/fastconformer_frontloaded_s1234/eval/ami_test_conf.json,confusion_100hz,,,0.6547483926842889,,0.6851573851673932,0.8438799275884551,0.16185906831031635,0.785724713299342,0.9021686800509755,0.5823584318933521,0.34874174549348563,"[0.785724713299342, 0.9021686800509755, 0.5823584318933521, 0.34874174549348563]",570,5066043,,,,,,
logs/fastconformer_frontloaded_s1234/eval/dipco_eval_conf.json,confusion_100hz,,,0.5229543061458426,,0.5319455182910522,0.6927786001607293,0.3357407156403719,0.645480359182305,0.8067945393328751,0.38547700673838514,0.25406531932980503,"[0.645480359182305, 0.8067945393328751, 0.38547700673838514, 0.25406531932980503]",107,936979,,,,,,
logs/fastconformer_frontloaded_s1234/eval/msdwild_manyval_conf.json,confusion_100hz,,,0.5447307489745251,,0.5960867430018868,0.755331644278553,0.2747010698552549,0.6121970480245537,0.8548212278026768,0.48951559840117265,0.2223891216696972,"[0.6121970480245537, 0.8548212278026768, 0.48951559840117265, 0.2223891216696972]",268,1474592,,,,,,
logs/fastconformer_frontloaded_s1234/eval/voxconverse_voxlock_conf.json,confusion_100hz,,,0.5605378335353552,,0.5320933480396436,0.9195417748019499,0.08515196749437903,0.7275767675726443,0.9560601897216098,0.5221717174874901,0.036342659359676954,"[0.7275767675726443, 0.9560601897216098, 0.5221717174874901, 0.036342659359676954]",964,8072450,,,,,,
logs/fastconformer_hc6_s1234/eval/ami_conf.json,confusion_100hz,,,0.6559638698843098,,0.6839841593841571,0.8437295143369292,0.16192618183461924,0.786182776919242,0.902060106667733,0.5802025578161399,0.35541003813412425,"[0.786182776919242, 0.902060106667733, 0.5802025578161399, 0.35541003813412425]",570,5066043,,,,,,
logs/fastconformer_hc6_s1234/eval/dipco_conf.json,confusion_100hz,,,0.5253773381680436,,0.5290662414072221,0.6895757535654481,0.3390545572526172,0.6461188880434443,0.803735959596756,0.3794359663766232,0.27221853865535073,"[0.6461188880434443, 0.803735959596756, 0.3794359663766232, 0.27221853865535073]",107,936979,,,,,,
logs/fastconformer_hc6_s1234/eval/msdwild_conf.json,confusion_100hz,,,0.5455968009647837,,0.595533156811985,0.753038806666522,0.27832919207482476,0.6113030313737534,0.8538947571504365,0.4839204320659617,0.23326898326898327,"[0.6113030313737534, 0.8538947571504365, 0.4839204320659617, 0.23326898326898327]",268,1474592,,,,,,
logs/fastconformer_hc6_s1234/eval/vox_conf.json,confusion_100hz,,,0.5627181739858753,,0.5318291828545952,0.9192625534998669,0.08570149087327887,0.7253990550376708,0.9560122043712155,0.5201300630717391,0.04933137346287599,"[0.7253990550376708, 0.9560122043712155, 0.5201300630717391, 0.04933137346287599]",964,8072450,,,,,,
logs/fastconformer_hc6_s2345/eval/ami_test_conf.json,confusion_100hz,,,0.6545849214114495,,0.6803613132346413,0.8457977952417696,0.15921834852171607,0.7889145891314683,0.902808970721454,0.5784777868673827,0.34813833892549295,"[0.7889145891314683, 0.902808970721454, 0.5784777868673827, 0.34813833892549295]",570,5066043,,,,,,
logs/fastconformer_hc6_s2345/eval/dipco_eval_conf.json,confusion_100hz,,,0.5226086491695514,,0.5232164501404054,0.691915186999922,0.3377695764793021,0.632735571578937,0.805071709029167,0.380088921483247,0.2725383945868546,"[0.632735571578937, 0.805071709029167, 0.380088921483247, 0.2725383945868546]",107,936979,,,,,,
logs/fastconformer_hc6_s2345/eval/msdwild_manyval_conf.json,confusion_100hz,,,0.5630974900127408,,0.6056172244795376,0.7632850307067989,0.2658843937848571,0.6335763039278816,0.8585564302698282,0.4925903805832645,0.2676668452699887,"[0.6335763039278816, 0.8585564302698282, 0.4925903805832645, 0.2676668452699887]",268,1474592,,,,,,
logs/fastconformer_hc6_s2345/eval/voxconverse_voxlock_conf.json,confusion_100hz,,,0.5721184823843581,,0.5486428696107523,0.9214851748849482,0.08263315350358318,0.7305306710850253,0.9568581759314976,0.5329980203758715,0.06808706214503792,"[0.7305306710850253, 0.9568581759314976, 0.5329980203758715, 0.06808706214503792]",964,8072450,,,,,,
logs/fastconformer_hc6_s3456/eval/ami_test_conf.json,confusion_100hz,,,0.6598789837165967,,0.6824865983259664,0.8426981373825686,0.16299328687103523,0.7850819698661617,0.9016794880039739,0.5680731473115268,0.3846813296847245,"[0.7850819698661617, 0.9016794880039739, 0.5680731473115268, 0.3846813296847245]",570,5066043,,,,,,
logs/fastconformer_hc6_s3456/eval/dipco_eval_conf.json,confusion_100hz,,,0.5264964669806922,,0.5234681586325797,0.6959921193537956,0.33452724127221634,0.6333585667423669,0.8095753577003679,0.37209096903027566,0.2909609744497582,"[0.6333585667423669, 0.8095753577003679, 0.37209096903027566, 0.2909609744497582]",107,936979,,,,,,
logs/fastconformer_hc6_s3456/eval/msdwild_manyval_conf.json,confusion_100hz,,,0.5616355270522617,,0.5999064991141493,0.7569097079056444,0.2775425337991797,0.6379900968916818,0.8557169408687272,0.48029262651654836,0.2725424439320897,"[0.6379900968916818, 0.8557169408687272, 0.48029262651654836, 0.2725424439320897]",268,1474592,,,,,,
logs/fastconformer_hc6_s3456/eval/voxconverse_voxlock_conf.json,confusion_100hz,,,0.5642675203016134,,0.5265842049023735,0.9192203110579812,0.08659874015943116,0.7313978288405336,0.9560572482008285,0.5137912028792334,0.05582380128585814,"[0.7313978288405336, 0.9560572482008285, 0.5137912028792334, 0.05582380128585814]",964,8072450,,,,,,
logs/wavlm_hc6_causalhead_s1234_eval/ami_test_conf.json,confusion_100hz,,,0.6825882218186926,,0.7135913367855262,0.8454781748711836,0.16197295467668918,0.8006281719212076,0.9053142977296225,0.592271347509076,0.43213907011486447,"[0.8006281719212076, 0.9053142977296225, 0.592271347509076, 0.43213907011486447]",570,5063796,,,,,,
logs/wavlm_hc6_causalhead_s1234_eval/dipco_eval_conf.json,confusion_100hz,,,0.5492874963485554,,0.5810010898445013,0.6405238318954471,0.4039025796531989,0.6791067749650714,0.7602358015010642,0.39171500765151784,0.3660924012765684,"[0.6791067749650714, 0.7602358015010642, 0.39171500765151784, 0.3660924012765684]",107,936560,,,,,,
logs/wavlm_hc6_causalhead_s1234_eval/msdwild_manyval_conf.json,confusion_100hz,,,0.5600000021483628,,0.6180732688045089,0.7550650552576156,0.2793182903793126,0.5912734113028544,0.8558756383618066,0.5117017038969874,0.2811492550318027,"[0.5912734113028544, 0.8558756383618066, 0.5117017038969874, 0.2811492550318027]",268,1473824,,,,,,
logs/wavlm_hc6_causalhead_s1234_eval/voxconverse_voxlock_conf.json,confusion_100hz,,,0.5684586365057059,,0.5154872131980264,0.9215890061362345,0.08432352699140094,0.7342476503977089,0.9576185482562086,0.511454561019652,0.07051378634925418,"[0.7342476503977089, 0.9576185482562086, 0.511454561019652, 0.07051378634925418]",964,8068792,,,,,,
logs/wavlm_hc6_causalhead_s2345_eval/ami_test_conf.json,confusion_100hz,,,0.6875868148000484,,0.721487136264283,0.8528546568621643,0.15227193196566371,0.8003668389932823,0.909510664043194,0.6027435299344663,0.4377262262292506,"[0.8003668389932823, 0.909510664043194, 0.6027435299344663, 0.4377262262292506]",570,5063796,,,,,,
logs/wavlm_hc6_causalhead_s2345_eval/dipco_eval_conf.json,confusion_100hz,,,0.5640969135418951,,0.5809158006949474,0.674233364653626,0.35789164602374646,0.6738489597692617,0.7886517569742489,0.39648357675300394,0.39740336067106563,"[0.6738489597692617, 0.7886517569742489, 0.39648357675300394, 0.39740336067106563]",107,936560,,,,,,
logs/wavlm_hc6_causalhead_s2345_eval/msdwild_manyval_conf.json,confusion_100hz,,,0.585658441980296,,0.626465351985886,0.7695789999348633,0.2599184163102243,0.6483949777337952,0.8625672541676488,0.5138735934295601,0.3177979425901801,"[0.6483949777337952, 0.8625672541676488, 0.5138735934295601, 0.3177979425901801]",268,1473824,,,,,,
logs/wavlm_hc6_causalhead_s2345_eval/voxconverse_voxlock_conf.json,confusion_100hz,,,0.5765266595547762,,0.5083851680790235,0.9244387511786151,0.08113568920849615,0.7631408358684334,0.9587865376058642,0.500417905598225,0.08376135914658238,"[0.7631408358684334, 0.9587865376058642, 0.500417905598225, 0.08376135914658238]",964,8068792,,,,,,
logs/wavlm_hc6_causalhead_s3456_eval/ami_test_conf.json,confusion_100hz,,,0.6782449564415519,,0.7217366860664098,0.8449048895334647,0.16046302023225265,0.7766529306271703,0.9054886674833574,0.5969990377676209,0.4338391898880591,"[0.7766529306271703, 0.9054886674833574, 0.5969990377676209, 0.4338391898880591]",570,5063796,,,,,,
logs/wavlm_hc6_causalhead_s3456_eval/dipco_eval_conf.json,confusion_100hz,,,0.5673275595869732,,0.6003033469540535,0.6754014692064577,0.36142585632527546,0.6922495095374288,0.793569492538717,0.39945273252958896,0.38403850374215814,"[0.6922495095374288, 0.793569492538717, 0.39945273252958896, 0.38403850374215814]",107,936560,,,,,,
logs/wavlm_hc6_causalhead_s3456_eval/msdwild_manyval_conf.json,confusion_100hz,,,0.5625501132458276,,0.6235969820116621,0.7545894218034175,0.27654048244566515,0.5847603431751787,0.8549812679240776,0.5062465419683,0.304212299915754,"[0.5847603431751787, 0.8549812679240776, 0.5062465419683, 0.304212299915754]",268,1473824,,,,,,
logs/wavlm_hc6_causalhead_s3456_eval/voxconverse_voxlock_conf.json,confusion_100hz,,,0.5511865441934228,,0.46610887831039116,0.911979141363416,0.09712668265584241,0.7227749398706944,0.9528266140985566,0.4626324344644644,0.0665121883399759,"[0.7227749398706944, 0.9528266140985566, 0.4626324344644644, 0.0665121883399759]",964,8068792,,,,,,
logs/wavlm_hc6_s1234_eval/ami_test_conf.json,confusion_100hz,,,0.6916325652959048,,0.7300672171331644,0.855604965128927,0.15124463939700572,0.8166681892928924,0.9122789873657985,0.6043632170237387,0.43321986750118957,"[0.8166681892928924, 0.9122789873657985, 0.6043632170237387, 0.43321986750118957]",570,5063796,,,,,,
logs/wavlm_hc6_s1234_eval/dipco_eval_conf.json,confusion_100hz,,,0.5624060054838589,,0.6039802900902119,0.6640556931750234,0.3779159904330742,0.6735288780000908,0.7823731305850543,0.40812529074275083,0.38559672260753947,"[0.6735288780000908, 0.7823731305850543, 0.40812529074275083, 0.38559672260753947]",107,936560,,,,,,
logs/wavlm_hc6_s1234_eval/msdwild_manyval_conf.json,confusion_100hz,,,0.5797827679312016,,0.6377738822184994,0.7704746292637384,0.2610515231126647,0.6314686468646865,0.8653685765947556,0.5286590809255927,0.29363476733977173,"[0.6314686468646865, 0.8653685765947556, 0.5286590809255927, 0.29363476733977173]",268,1473824,,,,,,
logs/wavlm_hc6_s1234_eval/voxconverse_voxlock_conf.json,confusion_100hz,,,0.5680904510569303,,0.49512087533755794,0.9197152436201107,0.08751681788302387,0.7488699126483607,0.956797195248745,0.48648091577819563,0.08021378055242001,"[0.7488699126483607, 0.956797195248745, 0.48648091577819563, 0.08021378055242001]",964,8068792,,,,,,
logs/wavlm_hc6_s2345_eval/ami_test_conf.json,confusion_100hz,,,0.6916902724604368,,0.7317840473626973,0.8587476667701464,0.14716509116875956,0.8115856988360762,0.9137916163713719,0.6097952260716132,0.43158854856268575,"[0.8115856988360762, 0.9137916163713719, 0.6097952260716132, 0.43158854856268575]",570,5063796,,,,,,
logs/wavlm_hc6_s2345_eval/dipco_eval_conf.json,confusion_100hz,,,0.5728888495754252,,0.6036830817454425,0.6828788331767319,0.3510111471769027,0.6647571357035553,0.796844762305427,0.40710393763467423,0.4228495626580442,"[0.6647571357035553, 0.796844762305427, 0.40710393763467423, 0.4228495626580442]",107,936560,,,,,,
logs/wavlm_hc6_s2345_eval/msdwild_manyval_conf.json,confusion_100hz,,,0.5954441039722485,,0.6456216867175771,0.7763063975074365,0.25614591701587164,0.6677745123177972,0.86932484879106,0.5172031475369445,0.32747390724319236,"[0.6677745123177972, 0.86932484879106, 0.5172031475369445, 0.32747390724319236]",268,1473824,,,,,,
logs/wavlm_hc6_s2345_eval/voxconverse_voxlock_conf.json,confusion_100hz,,,0.5654231306327009,,0.47702525941485685,0.9183313933485955,0.0905569259933829,0.7616168182692016,0.9560887388714976,0.4682266120862131,0.07576035330389135,"[0.7616168182692016, 0.9560887388714976, 0.4682266120862131, 0.07576035330389135]",964,8068792,,,,,,
logs/wavlm_hc6_s3456_eval/ami_test_conf.json,confusion_100hz,,,0.6876115695821484,,0.7324275788214702,0.8553132867121819,0.15004237927436256,0.7988609660795427,0.9126327491254845,0.600874919127823,0.43807764399574345,"[0.7988609660795427, 0.9126327491254845, 0.600874919127823, 0.43807764399574345]",570,5063796,,,,,,
logs/wavlm_hc6_s3456_eval/dipco_eval_conf.json,confusion_100hz,,,0.5753463670893502,,0.6183623650130332,0.6925461262492526,0.34313765268642693,0.6774985012323201,0.809307601240749,0.4043490566846877,0.4102303091996437,"[0.6774985012323201, 0.809307601240749, 0.4043490566846877, 0.4102303091996437]",107,936560,,,,,,
logs/wavlm_hc6_s3456_eval/msdwild_manyval_conf.json,confusion_100hz,,,0.5863922345052834,,0.6457055400532239,0.773487200642682,0.25563975074364376,0.6371272685141298,0.8670222877539421,0.5260725908627928,0.3153467908902691,"[0.6371272685141298, 0.8670222877539421, 0.5260725908627928, 0.3153467908902691]",268,1473824,,,,,,
logs/wavlm_hc6_s3456_eval/voxconverse_voxlock_conf.json,confusion_100hz,,,0.5560990620839571,,0.46159616196027564,0.9117706838892364,0.09818458574716017,0.7475232635383593,0.9525095570365978,0.45491415415129294,0.06944927360957838,"[0.7475232635383593, 0.9525095570365978, 0.45491415415129294, 0.06944927360957838]",964,8068792,,,,,,
results/bench/ft_s1234__msdwild.json,perrec_25hz,logs/p2_ctrl_s1234/step400.pt,/media/edabk/500GB Hard Disk/data_diar/msdwild/msdwild_manyval_LOCKED.json,0.5526330960367705,0.4575194847628937,0.5973969558752277,0.7486313232047147,,0.622848375991618,0.8498084838103396,0.47140748282005596,0.26646804152506864,,177,365499,,,,,,
results/bench/ft_s1234__voxfull.json,perrec_25hz,logs/p2_ctrl_s1234/step400.pt,/media/edabk/500GB Hard Disk/data_diar/voxconverse/voxconverse_test_eval.json,0.543934115740567,0.4954697771884645,0.481735527025365,0.8947015255899212,,0.6939142151358636,0.9433661766789139,0.45733141776514713,0.08112465338234345,,232,3906030,,,,,,
results/bench/ft_s1234__voxlock.json,perrec_25hz,logs/p2_ctrl_s1234/step400.pt,/media/edabk/500GB Hard Disk/data_diar/voxconverse/vox_lock.json,0.5279484898449769,0.4925503332861254,0.4474449497003879,0.8915064187002741,,0.6804715458564311,0.9421064181553825,0.4246283921996455,0.06458760316844846,,116,2011778,,,,,,
results/bench/ft_s2345__msdwild.json,perrec_25hz,logs/p2_ctrl_s2345/step400.pt,/media/edabk/500GB Hard Disk/data_diar/msdwild/msdwild_manyval_LOCKED.json,0.5424411903645515,0.4414655916510576,0.5952203364030748,0.7356846393560584,,0.5953437369911972,0.8417435449206472,0.47161412392713176,0.26106335561922955,,177,365499,,,,,,
results/bench/ft_s2345__voxfull.json,perrec_25hz,logs/p2_ctrl_s2345/step400.pt,/media/edabk/500GB Hard Disk/data_diar/voxconverse/voxconverse_test_eval.json,0.5231682060605616,0.48371805990257355,0.43970989456943477,0.8852868513554684,,0.6638043121939002,0.9398430607259225,0.4198599802559481,0.06916547106647537,,232,3906030,,,,,,
results/bench/ft_s2345__voxlock.json,perrec_25hz,logs/p2_ctrl_s2345/step400.pt,/media/edabk/500GB Hard Disk/data_diar/voxconverse/vox_lock.json,0.505895733983985,0.4821382781928461,0.40311133526405274,0.8805817540503972,,0.6457108423576791,0.9379667126220038,0.38395920259619837,0.055946178360058677,,116,2011778,,,,,,
results/bench/ft_s3456__msdwild.json,perrec_25hz,logs/p2_ctrl_s3456/step400.pt,/media/edabk/500GB Hard Disk/data_diar/msdwild/msdwild_manyval_LOCKED.json,0.5500568346679767,0.4516829971139745,0.5974525629901278,0.7448118873102252,,0.6100422603121779,0.8483828069247787,0.47126999510425926,0.2705322763306909,,177,365499,,,,,,
results/bench/ft_s3456__voxfull.json,perrec_25hz,logs/p2_ctrl_s3456/step400.pt,/media/edabk/500GB Hard Disk/data_diar/voxconverse/voxconverse_test_eval.json,0.5431209154714114,0.49806108790755005,0.4666343251401466,0.8960806752636309,,0.7061484492615474,0.9443658743814676,0.44593191919729597,0.0760374190453346,,232,3906030,,,,,,
results/bench/ft_s3456__voxlock.json,perrec_25hz,logs/p2_ctrl_s3456/step400.pt,/media/edabk/500GB Hard Disk/data_diar/voxconverse/vox_lock.json,0.5274588048926829,0.4957976131508509,0.43067697793472715,0.8926447152717646,,0.6934747635292293,0.9429810355830535,0.4109117402433285,0.062467680215120495,,116,2011778,,,,,,
results/bench/v3_base__msdwild.json,perrec_25hz,logs/r8_v3_diverse/best_macro_f1.pt,/media/edabk/500GB Hard Disk/data_diar/msdwild/msdwild_manyval_LOCKED.json,0.5212654363283906,0.4156925663874994,0.5654728935601097,0.6988637451812454,,0.5837277262306535,0.8211975841385859,0.4133583620727288,0.26677807287159444,,177,365499,,,,,,
results/bench/v3_base__voxfull.json,perrec_25hz,logs/r8_v3_diverse/best_macro_f1.pt,/media/edabk/500GB Hard Disk/data_diar/voxconverse/voxconverse_test_eval.json,0.5166586200123522,0.484197637447069,0.4044694172724851,0.8791412252338051,,0.6862491623576007,0.9370805791655972,0.3814068370837778,0.061897901442432866,,232,3906030,,,,,,
results/bench/v3_base__voxlock.json,perrec_25hz,logs/r8_v3_diverse/best_macro_f1.pt,/media/edabk/500GB Hard Disk/data_diar/voxconverse/vox_lock.json,0.4986824791534698,0.4819974506276111,0.366802536029244,0.8733080886658469,,0.6689836777561862,0.9345703345781445,0.34482540852037996,0.04635049575916856,,116,2011778,,,,,,
results/bench/v3_base__voxsel.json,perrec_25hz,logs/r8_v3_diverse/best_macro_f1.pt,/media/edabk/500GB Hard Disk/data_diar/voxconverse/vox_sel.json,0.5369776869370362,0.4863978242665269,0.4472314076873454,0.8853362699366294,,0.7030255522853102,0.9397640960000402,0.42164615438052117,0.08347494508227297,,116,1894252,,,,,,
results/bench_paper/mask_s1234__msdwild_perrec.json,perrec_25hz,logs/stackgrad_pre012_s1234/step3000.pt,/media/edabk/500GB Hard Disk/data_diar/msdwild/msdwild_manyval_LOCKED.json,0.5489164027515747,0.45125748676779326,0.5955843437734508,0.7445164008656658,,0.6148998060762766,0.8497709712205306,0.4678611578141011,0.2631336758953907,,177,365499,,,,,,
results/bench_paper/mask_s1234__msdwild_seq.json,sequence,,,,,,,0.2969666127677504,,,,,,,,0.06834003859197212,0.34857109347079923,54.220876513918114,1.739131113912078,,"{""labels"": [""down"", ""stable"", ""up""], ""matrix"": [[505, 5744, 198], [10328, 332024, 10101], [166, 5570, 686]]}"
results/bench_paper/mask_s1234__voxfull_perrec.json,perrec_25hz,logs/stackgrad_pre012_s1234/step3000.pt,/media/edabk/500GB Hard Disk/data_diar/voxconverse/voxconverse_test_eval.json,0.5515816590111084,0.5052121106908014,0.4897647055043425,0.9040391394843358,,0.7150551536055968,0.9496365856246897,0.48209410631122523,0.05954079050292182,,232,3906030,,,,,,
results/bench_paper/mask_s1234__voxfull_seq.json,sequence,,,,,,,0.11093130365102162,,,,,,,,0.10624317778571767,0.15531479027915143,38.78017299647872,3.2139471899479126,,"{""labels"": [""down"", ""stable"", ""up""], ""matrix"": [[1892, 16221, 385], [49932, 3769521, 49313], [320, 15931, 2283]]}"
results/bench_paper/mask_s1234__voxlock_perrec.json,perrec_25hz,logs/stackgrad_pre012_s1234/step3000.pt,/media/edabk/500GB Hard Disk/data_diar/voxconverse/vox_lock.json,0.5393419546983771,0.5066754255980501,0.45476197879419167,0.9015303875477314,,0.7027129074571242,0.9485082865252283,0.4566495921077594,0.04949703270339661,,116,2011778,,,,,,
results/bench_paper/mask_s1234__voxlock_seq.json,sequence,,,,,,,0.11507880094125694,,,,,,,,0.10714322115399608,0.1587560455459641,38.93678203985838,3.3082763723103406,,"{""labels"": [""down"", ""stable"", ""up""], ""matrix"": [[1005, 8507, 208], [26180, 1940076, 25955], [161, 8450, 1120]]}"
results/bench_paper/mask_s1234__voxsel_perrec.json,perrec_25hz,logs/stackgrad_pre012_s1234/step3000.pt,/media/edabk/500GB Hard Disk/data_diar/voxconverse/vox_sel.json,0.5646345756562725,0.5037487957835528,0.5271835236866947,0.9067035431399835,,0.7272727272727274,0.9508449173991145,0.5087709903224572,0.07164966763079109,,116,1894252,,,,,,
results/bench_paper/mask_s1234__voxsel_seq.json,sequence,,,,,,,0.10652648116512481,,,,,,,,0.10533649721880252,0.15166002230455586,38.62356395309907,3.1196180075854834,,"{""labels"": [""down"", ""stable"", ""up""], ""matrix"": [[887, 7714, 177], [23752, 1829445, 23358], [159, 7481, 1163]]}"
results/bench_paper/mask_s2345__msdwild_perrec.json,perrec_25hz,logs/stackgrad_pre012_s2345/step3000.pt,/media/edabk/500GB Hard Disk/data_diar/msdwild/msdwild_manyval_LOCKED.json,0.5506005961881064,0.44738356586592826,0.5940313988025081,0.7414548329817592,,0.6158610150406177,0.8465458843313476,0.4611522356069777,0.27884324977348235,,177,365499,,,,,,
results/bench_paper/mask_s2345__msdwild_seq.json,sequence,,,,,,,0.2981567665027811,,,,,,,,0.07522226803055519,0.35444562484162495,52.35079249483492,1.8092356261015443,,"{""labels"": [""down"", ""stable"", ""up""], ""matrix"": [[480, 5754, 213], [10577, 331478, 10398], [175, 5609, 638]]}"
results/bench_paper/mask_s2345__voxfull_perrec.json,perrec_25hz,logs/stackgrad_pre012_s2345/step3000.pt,/media/edabk/500GB Hard Disk/data_diar/voxconverse/voxconverse_test_eval.json,0.5550869754483637,0.5053102357790802,0.4988386226382676,0.904299762162605,,0.7179164640938379,0.9494086514722647,0.47978444551831184,0.0732383407090405,,232,3906030,,,,,,
results/bench_paper/mask_s2345__voxfull_seq.json,sequence,,,,,,,0.10875569312063656,,,,,,,,0.11804237675752173,0.15928122607542552,38.653688413026806,3.1907622883534144,,"{""labels"": [""down"", ""stable"", ""up""], ""matrix"": [[1791, 16338, 369], [49647, 3770029, 49090], [294, 16037, 2203]]}"
results/bench_paper/mask_s2345__voxlock_perrec.json,perrec_25hz,logs/stackgrad_pre012_s2345/step3000.pt,/media/edabk/500GB Hard Disk/data_diar/voxconverse/vox_lock.json,0.5409670566366609,0.5051927914672372,0.46339903053566595,0.9015159724383108,,0.7045135495776144,0.948205885466102,0.4524101000121704,0.05873869149075652,,116,2011778,,,,,,
results/bench_paper/mask_s2345__voxlock_seq.json,sequence,,,,,,,0.1132853625002361,,,,,,,,0.11900559876736637,0.16288757685110383,38.748563860750835,3.256272157435699,,"{""labels"": [""down"", ""stable"", ""up""], ""matrix"": [[935, 8573, 212], [26065, 1940337, 25809], [166, 8459, 1106]]}"
results/bench_paper/mask_s2345__voxsel_perrec.json,perrec_25hz,logs/stackgrad_pre012_s2345/step3000.pt,/media/edabk/500GB Hard Disk/data_diar/voxconverse/vox_sel.json,0.5704179532003614,0.5054276800909231,0.5368117164739846,0.9072562679094439,,0.7311198473413002,0.9506972409354959,0.5084324170431473,0.09142230748150178,,116,1894252,,,,,,
results/bench_paper/mask_s2345__voxsel_seq.json,sequence,,,,,,,0.10394498725618344,,,,,,,,0.11711812584645329,0.1554511199317324,38.55881296530278,3.125252419271128,,"{""labels"": [""down"", ""stable"", ""up""], ""matrix"": [[856, 7765, 157], [23582, 1829692, 23281], [128, 7578, 1097]]}"
results/bench_paper/mask_s3456__msdwild_perrec.json,perrec_25hz,logs/stackgrad_pre012_s3456/step3000.pt,/media/edabk/500GB Hard Disk/data_diar/msdwild/msdwild_manyval_LOCKED.json,0.5550163229659502,0.4602515488061316,0.6020458834045088,0.7480978060131491,,0.6258340956140773,0.851315880430167,0.4611011370436864,0.2818141787758697,,177,365499,,,,,,
results/bench_paper/mask_s3456__msdwild_seq.json,sequence,,,,,,,0.2914235059466647,,,,,,,,0.06846564133562784,0.34605831792139474,53.419491677824084,1.7875701171263785,,"{""labels"": [""down"", ""stable"", ""up""], ""matrix"": [[500, 5763, 184], [10447, 331810, 10196], [161, 5566, 695]]}"
results/bench_paper/mask_s3456__voxfull_perrec.json,perrec_25hz,logs/stackgrad_pre012_s3456/step3000.pt,/media/edabk/500GB Hard Disk/data_diar/voxconverse/voxconverse_test_eval.json,0.5564514311673973,0.5060028986337086,0.5002665280720692,0.9056499822069979,,0.7279538519576148,0.9497990186765498,0.47980189911673526,0.06825095491868896,,232,3906030,,,,,,
results/bench_paper/mask_s3456__voxfull_seq.json,sequence,,,,,,,0.10717147589752254,,,,,,,,0.10860722875594206,0.15467109849514052,38.636995075018525,3.215945430448346,,"{""labels"": [""down"", ""stable"", ""up""], ""matrix"": [[1906, 16233, 359], [49580, 3770098, 49088], [300, 16045, 2189]]}"
results/bench_paper/mask_s3456__voxlock_perrec.json,perrec_25hz,logs/stackgrad_pre012_s3456/step3000.pt,/media/edabk/500GB Hard Disk/data_diar/voxconverse/vox_lock.json,0.5435822611295347,0.5060583549571626,0.46342310363453965,0.9032328616775808,,0.7159502425435859,0.9487870651182572,0.45577149811736956,0.05382023873892608,,116,2011778,,,,,,
results/bench_paper/mask_s3456__voxlock_seq.json,sequence,,,,,,,0.11158040300669358,,,,,,,,0.10971699358712382,0.15804662222595142,38.86863291600889,3.3288608749745894,,"{""labels"": [""down"", ""stable"", ""up""], ""matrix"": [[1005, 8514, 201], [26013, 1940415, 25783], [170, 8443, 1118]]}"
results/bench_paper/mask_s3456__voxsel_perrec.json,perrec_25hz,logs/stackgrad_pre012_s3456/step3000.pt,/media/edabk/500GB Hard Disk/data_diar/voxconverse/vox_sel.json,0.570416787676018,0.5059474423102545,0.5398761130468447,0.9082170693234057,,0.7398203365366355,0.9508828830170694,0.5050812194926783,0.0858827116576888,,116,1894252,,,,,,
results/bench_paper/mask_s3456__voxsel_seq.json,sequence,,,,,,,0.10248900357502592,,,,,,,,0.10754501108652303,0.15108614336568665,38.40535723402816,3.1030299859221024,,"{""labels"": [""down"", ""stable"", ""up""], ""matrix"": [[901, 7719, 158], [23567, 1829683, 23305], [130, 7602, 1071]]}"
results/bench_paper/root_s1234__msdwild_perrec.json,perrec_25hz,logs/p8a_average_s1234/step3000.pt,/media/edabk/500GB Hard Disk/data_diar/msdwild/msdwild_manyval_LOCKED.json,0.5475120426530087,0.4456678103805411,0.5964778130899184,0.7456819307303166,,0.6076652623594411,0.8506853792326746,0.467909148464704,0.2637883805552148,,177,365499,,,,,,
results/bench_paper/root_s1234__msdwild_seq.json,sequence,,,,,,,0.29259450778251106,,,,,,,,0.06471985910309906,0.34643247153180523,56.7649625052221,1.6097742057046676,,"{""labels"": [""down"", ""stable"", ""up""], ""matrix"": [[449, 5814, 184], [9575, 333455, 9423], [174, 5638, 610]]}"
results/bench_paper/root_s1234__voxfull_perrec.json,perrec_25hz,logs/p8a_average_s1234/step3000.pt,/media/edabk/500GB Hard Disk/data_diar/voxconverse/voxconverse_test_eval.json,0.5432148753541983,0.500866085883204,0.4685764866822242,0.9009541657386144,,0.7058272371981161,0.9477738894257915,0.4538118635815876,0.06544651121129788,,232,3906030,,,,,,
results/bench_paper/root_s1234__voxfull_seq.json,sequence,,,,,,,0.11209565722741505,,,,,,,,0.10579209665788995,0.15900783611101962,40.13980327613511,3.124081265839997,,"{""labels"": [""down"", ""stable"", ""up""], ""matrix"": [[1735, 16408, 355], [48593, 3771968, 48205], [302, 16200, 2032]]}"
results/bench_paper/root_s1234__voxlock_perrec.json,perrec_25hz,logs/p8a_average_s1234/step3000.pt,/media/edabk/500GB Hard Disk/data_diar/voxconverse/vox_lock.json,0.5265490327756914,0.49919457114329097,0.4327841962630153,0.8971422294109986,,0.6886376855574944,0.946293811718502,0.4185868462938462,0.05267778753292361,,116,2011778,,,,,,
results/bench_paper/root_s1234__voxlock_seq.json,sequence,,,,,,,0.11776001129349262,,,,,,,,0.10680418396551047,0.16347758230714424,40.09324275837917,3.2696564162062027,,"{""labels"": [""down"", ""stable"", ""up""], ""matrix"": [[914, 8624, 182], [25922, 1940526, 25763], [156, 8540, 1035]]}"
results/bench_paper/root_s1234__voxsel_perrec.json,perrec_25hz,logs/p8a_average_s1234/step3000.pt,/media/edabk/500GB Hard Disk/data_diar/voxconverse/vox_sel.json,0.5615223590750584,0.5025376006231173,0.507472325914827,0.9050026078895522,,0.7226985033135596,0.9493589156289386,0.49108792677033286,0.08294409058740268,,116,1894252,,,,,,
results/bench_paper/root_s1234__voxsel_seq.json,sequence,,,,,,,0.10607986688149201,,,,,,,,0.10473139926172914,0.15426075744126924,40.18636379389105,2.9785061154737926,,"{""labels"": [""down"", ""stable"", ""up""], ""matrix"": [[821, 7784, 173], [22671, 1831442, 22442], [146, 7660, 997]]}"
results/bench_paper/root_s2345__msdwild_perrec.json,perrec_25hz,logs/p8a_average_s2345/step3000.pt,/media/edabk/500GB Hard Disk/data_diar/msdwild/msdwild_manyval_LOCKED.json,0.5465781895164211,0.44568345465027864,0.5890098513402028,0.7438269324950273,,0.615211022250376,0.8485171667377668,0.4576706827309237,0.2649138863466179,,177,365499,,,,,,
results/bench_paper/root_s2345__msdwild_seq.json,sequence,,,,,,,0.29373541377678186,,,,,,,,0.06640497216831995,0.349705014782242,56.13196070910707,1.6468985975930623,,"{""labels"": [""down"", ""stable"", ""up""], ""matrix"": [[464, 5801, 182], [9912, 332823, 9718], [170, 5606, 646]]}"
results/bench_paper/root_s2345__voxfull_perrec.json,perrec_25hz,logs/p8a_average_s2345/step3000.pt,/media/edabk/500GB Hard Disk/data_diar/voxconverse/voxconverse_test_eval.json,0.5472475168953569,0.5019652989668637,0.4779119161544583,0.9036510216255379,,0.7093260912527651,0.9489156493013888,0.4564379992069337,0.07431032782033999,,232,3906030,,,,,,
results/bench_paper/root_s2345__voxfull_seq.json,sequence,,,,,,,0.1073906242399572,,,,,,,,0.1114401673995224,0.15658168204241238,41.82516323087497,2.9419499883369564,,"{""labels"": [""down"", ""stable"", ""up""], ""matrix"": [[1600, 16551, 347], [46318, 3776533, 45915], [263, 16328, 1943]]}"
results/bench_paper/root_s2345__voxlock_perrec.json,perrec_25hz,logs/p8a_average_s2345/step3000.pt,/media/edabk/500GB Hard Disk/data_diar/voxconverse/vox_lock.json,0.5303608765415383,0.49978014678166544,0.4435901844710275,0.9001206892609424,,0.6922884112985124,0.9475274798825352,0.42215562674382556,0.059471988241279895,,116,2011778,,,,,,
results/bench_paper/root_s2345__voxlock_seq.json,sequence,,,,,,,0.11250048464592018,,,,,,,,0.11246191774685357,0.16081378125666415,42.058962325796244,3.0389248351841394,,"{""labels"": [""down"", ""stable"", ""up""], ""matrix"": [[858, 8676, 186], [24496, 1943381, 24334], [152, 8584, 995]]}"
results/bench_paper/root_s2345__voxsel_perrec.json,perrec_25hz,logs/p8a_average_s2345/step3000.pt,/media/edabk/500GB Hard Disk/data_diar/voxconverse/vox_sel.json,0.5659874682915462,0.5041505255163504,0.5151717150170648,0.9074003881215382,,0.725920929436519,0.9504031257828958,0.4926871194242928,0.09493869852247722,,116,1894252,,,,,,
results/bench_paper/root_s2345__voxsel_seq.json,sequence,,,,,,,0.10196320236167099,,,,,,,,0.11035589131481247,0.15208700000160857,41.59195995771106,2.844945669046508,,"{""labels"": [""down"", ""stable"", ""up""], ""matrix"": [[742, 7875, 161], [21821, 1833154, 21580], [111, 7744, 948]]}"
results/bench_paper/root_s3456__msdwild_perrec.json,perrec_25hz,logs/p8a_average_s3456/step3000.pt,/media/edabk/500GB Hard Disk/data_diar/msdwild/msdwild_manyval_LOCKED.json,0.548786337386007,0.45174709791513157,0.593059731286614,0.7434028547273727,,0.6196854869268662,0.8489631095771875,0.4568686138920425,0.26962813914793177,,177,365499,,,,,,
results/bench_paper/root_s3456__msdwild_seq.json,sequence,,,,,,,0.29812940664680343,,,,,,,,0.060098743490269474,0.349118998555619,54.567821788290665,1.7414028200517737,,"{""labels"": [""down"", ""stable"", ""up""], ""matrix"": [[493, 5749, 205], [10145, 332349, 9959], [162, 5611, 649]]}"
results/bench_paper/root_s3456__voxfull_perrec.json,perrec_25hz,logs/p8a_average_s3456/step3000.pt,/media/edabk/500GB Hard Disk/data_diar/voxconverse/voxconverse_test_eval.json,0.5467583248052166,0.5026460715130707,0.466991340315984,0.9014367529179244,,0.720770046136596,0.9473620166239722,0.45125450896226904,0.06764672749802861,,232,3906030,,,,,,
results/bench_paper/root_s3456__voxfull_seq.json,sequence,,,,,,,0.11088752518541845,,,,,,,,0.10137039460094253,0.1570718517580134,40.136700943134514,3.1256951355157465,,"{""labels"": [""down"", ""stable"", ""up""], ""matrix"": [[1794, 16342, 362], [48425, 3772174, 48167], [290, 16266, 1978]]}"
results/bench_paper/root_s3456__voxlock_perrec.json,perrec_25hz,logs/p8a_average_s3456/step3000.pt,/media/edabk/500GB Hard Disk/data_diar/voxconverse/vox_lock.json,0.5302466181195812,0.5011621743158439,0.4311416343659665,0.8977317576790282,,0.7068054688521679,0.945884555961053,0.4152893120891606,0.05300713557594292,,116,2011778,,,,,,
results/bench_paper/root_s3456__voxlock_seq.json,sequence,,,,,,,0.11639902613509046,,,,,,,,0.1027509500149834,0.16166016171155723,39.98951019105061,3.3160538310285013,,"{""labels"": [""down"", ""stable"", ""up""], ""matrix"": [[995, 8530, 195], [25835, 1940560, 25816], [169, 8567, 995]]}"
results/bench_paper/root_s3456__voxsel_perrec.json,perrec_25hz,logs/p8a_average_s3456/step3000.pt,/media/edabk/500GB Hard Disk/data_diar/voxconverse/vox_sel.json,0.5651787106943196,0.5041299687102977,0.5060768045974037,0.9053716189820573,,0.7345476145265813,0.9489433495366721,0.4893457006768613,0.08787817803716375,,116,1894252,,,,,,
results/bench_paper/root_s3456__voxsel_seq.json,sequence,,,,,,,0.10503407149629511,,,,,,,,0.0999036877365341,0.15219885893705543,40.28389169521841,2.935336440002993,,"{""labels"": [""down"", ""stable"", ""up""], ""matrix"": [[799, 7812, 167], [22590, 1831614, 22351], [121, 7699, 983]]}"
results/bootstrap/ami_diarizen.json,confusion_100hz,,,0.7653940360683946,,0.8181114020797491,0.9100899854185999,0.09277378814194827,0.8910828495681414,0.944184483791958,0.7461960504853417,0.4801127604281373,"[0.8910828495681414, 0.944184483791958, 0.7461960504853417, 0.4801127604281373]",570,5066043,,,,,,
results/bootstrap/ami_logmel_pooled.json,confusion_100hz,,,0.49406270971477373,,0.33193176219882453,0.8012268377474677,0.20883315538759376,0.7274284790749593,0.8730216840945647,0.2522366170405046,0.12356405864906637,"[0.7274284790749593, 0.8730216840945647, 0.2522366170405046, 0.12356405864906637]",570,15184404,,,,,,
results/bootstrap/ami_logmel_s1234.json,confusion_100hz,,,0.4982051714075879,,0.36464418165188833,0.7995921341397397,0.2096263376553996,0.7192308509337346,0.8727166321005709,0.2832407700414285,0.11763243255461749,"[0.7192308509337346, 0.8727166321005709, 0.2832407700414285, 0.11763243255461749]",570,5061468,,,,,,
results/bootstrap/ami_logmel_s2345.json,confusion_100hz,,,0.4907848876050275,,0.3080031929352712,0.8014200623218403,0.20923751765298132,0.7323500088816058,0.8724139711557939,0.22895614032201275,0.1294194300606975,"[0.7323500088816058, 0.8724139711557939, 0.22895614032201275, 0.1294194300606975]",570,5061468,,,,,,
results/bootstrap/ami_logmel_s3456.json,confusion_100hz,,,0.4921221581618381,,0.3195374203743095,0.8026683167808233,0.20763561085440035,0.7302009062208986,0.8739318924601152,0.2406477977512917,0.12370803621504688,"[0.7302009062208986, 0.8739318924601152, 0.2406477977512917, 0.12370803621504688]",570,5061468,,,,,,
results/bootstrap/ami_lossabl_auxvad_pooled.json,confusion_100hz,,,0.6052166996517745,,0.5803158550410391,0.8307199940149116,0.17687786758044635,0.7735898454873233,0.8918560721788289,0.4814143571216682,0.27400652381927737,"[0.7735898454873233, 0.8918560721788289, 0.4814143571216682, 0.27400652381927737]",570,15184404,,,,,,
results/bootstrap/ami_lossabl_auxvad_s1234.json,confusion_100hz,,,0.6006645271045181,,0.5810654693405556,0.8326449954835238,0.1744294343064107,0.7690757941494022,0.8940118122842433,0.486523735434238,0.2530467665501891,"[0.7690757941494022, 0.8940118122842433, 0.486523735434238, 0.2530467665501891]",570,5061468,,,,,,
results/bootstrap/ami_lossabl_auxvad_s2345.json,confusion_100hz,,,0.6016101648089294,,0.5693448905257334,0.8286475386192306,0.17908342006706354,0.7738376401482506,0.8896302589499714,0.4702070862960782,0.27276567384141703,"[0.7738376401482506, 0.8896302589499714, 0.4702070862960782, 0.27276567384141703]",570,5061468,,,,,,
results/bootstrap/ami_lossabl_auxvad_s3456.json,confusion_100hz,,,0.6126264142987117,,0.5899951328148261,0.8308674479419804,0.17712074836786482,0.7775833021293151,0.8918888633418856,0.4870348867961121,0.2939986049275337,"[0.7775833021293151, 0.8918888633418856, 0.4870348867961121, 0.2939986049275337]",570,5061468,,,,,,
results/bootstrap/ami_lossabl_countonly_pooled.json,confusion_100hz,,,0.6012624543132321,,0.5675043463436988,0.8303440819936034,0.1774811181262037,0.7741586812993243,0.8917971498056669,0.4683534759566843,0.2707405101912527,"[0.7741586812993243, 0.8917971498056669, 0.4683534759566843, 0.2707405101912527]",570,15184404,,,,,,
results/bootstrap/ami_lossabl_countonly_s1234.json,confusion_100hz,,,0.598936545845043,,0.5678209801768991,0.8317638282016205,0.17561920770811945,0.7691154173163303,0.8936367058280266,0.4709522518684893,0.26204180836732577,"[0.7691154173163303, 0.8936367058280266, 0.4709522518684893, 0.26204180836732577]",570,5061468,,,,,,
results/bootstrap/ami_lossabl_countonly_s2345.json,confusion_100hz,,,0.5952278048988616,,0.551069445084642,0.8287210350831024,0.1792252761451816,0.7757055047138327,0.8898382362366565,0.4528082459761741,0.26255923266878334,"[0.7757055047138327, 0.8898382362366565, 0.4528082459761741, 0.26255923266878334]",570,5061468,,,,,,
results/bootstrap/ami_lossabl_countonly_s3456.json,confusion_100hz,,,0.6089564308708024,,0.5825299457816778,0.8305473826960874,0.17759887052531004,0.7773531523483886,0.8918890877779614,0.48036271327717506,0.2862207700796844,"[0.7773531523483886, 0.8918890877779614, 0.48036271327717506, 0.2862207700796844]",570,5061468,,,,,,
results/bootstrap/ami_lossabl_ordinal_pooled.json,confusion_100hz,,,0.6025392398333509,,0.575473631534346,0.8312295958405743,0.17640843855313648,0.7738277428619633,0.8921901250983708,0.47910124446919344,0.26503784690387605,"[0.7738277428619633, 0.8921901250983708, 0.47910124446919344, 0.26503784690387605]",570,15184404,,,,,,
results/bootstrap/ami_lossabl_ordinal_s1234.json,confusion_100hz,,,0.5980170508056903,,0.5775662636169148,0.8330529798864678,0.17402678432423163,0.7689128534738937,0.8942779074422466,0.48518710686599514,0.24369033544062613,"[0.7689128534738937, 0.8942779074422466, 0.48518710686599514, 0.24369033544062613]",570,5061468,,,,,,
results/bootstrap/ami_lossabl_ordinal_s2345.json,confusion_100hz,,,0.5987337874325791,,0.5630690043805803,0.8295456970191257,0.17825204071229928,0.7744180744511499,0.8903443211663478,0.4667919448775872,0.2633808092352314,"[0.7744180744511499, 0.8903443211663478, 0.4667919448775872, 0.2633808092352314]",570,5061468,,,,,,
results/bootstrap/ami_lossabl_ordinal_s3456.json,confusion_100hz,,,0.6101020544374304,,0.5851880067475649,0.8310901106161296,0.17694649062287857,0.7778323161507252,0.891914063029032,0.48478336521193555,0.28587847335802885,"[0.7778323161507252, 0.891914063029032, 0.48478336521193555, 0.28587847335802885]",570,5061468,,,,,,
results/bootstrap/ami_mask_pooled.json,confusion_100hz,,,0.6541283669963659,,0.6759587585469023,0.8477277079824799,0.15849334619916594,0.7933267982843278,0.9043968569745725,0.5771030332483728,0.34168677947819054,"[0.7933267982843278, 0.9043968569745725, 0.5771030332483728, 0.34168677947819054]",570,15184404,,,,,,
results/bootstrap/ami_mask_s2345.json,confusion_100hz,,,0.6565473895222337,,0.6789281897130808,0.8477149317154627,0.15821793203078632,0.7943472130390102,0.904027873078304,0.5815815312350342,0.3462329407365863,"[0.7943472130390102, 0.904027873078304, 0.5815815312350342, 0.3462329407365863]",570,5061468,,,,,,
results/bootstrap/ami_mask_s3456.json,confusion_100hz,,,0.6526145292366274,,0.672941589561653,0.8475922400378705,0.1588319831321664,0.791629850600002,0.9043355151820885,0.5750314777366553,0.3394612734277639,"[0.791629850600002, 0.9043355151820885, 0.5750314777366553, 0.3394612734277639]",570,5061468,,,,,,
results/bootstrap/ami_only5_pooled.json,confusion_100hz,,,0.469143465229957,,0.29213862636473,0.7726832742332198,0.23979268465196263,0.644645902453673,0.8557264229017744,0.2028900351786145,0.17331150038576604,"[0.644645902453673, 0.8557264229017744, 0.2028900351786145, 0.17331150038576604]",570,15184404,,,,,,
results/bootstrap/ami_only5_s1234.json,confusion_100hz,,,0.45724639691176777,,0.30604341756683834,0.7660627312076259,0.24619596528121881,0.5969720494493089,0.8537190897324004,0.22018827629373114,0.15810617217163064,"[0.5969720494493089, 0.8537190897324004, 0.22018827629373114, 0.15810617217163064]",570,5061468,,,,,,
results/bootstrap/ami_only5_s2345.json,confusion_100hz,,,0.4712120995095689,,0.2755975994011434,0.7769838710824607,0.23555438856869193,0.6600059773973331,0.8580854220450312,0.18446274639364324,0.18229425220226797,"[0.6600059773973331, 0.8580854220450312, 0.18446274639364324, 0.18229425220226797]",570,5061468,,,,,,
results/bootstrap/ami_only5_s3456.json,confusion_100hz,,,0.47720255935247274,,0.2939109698152884,0.7750032204095729,0.23762770010597717,0.6716289517461863,0.8554022802876768,0.20278123233465234,0.17899777304137554,"[0.6716289517461863, 0.8554022802876768, 0.20278123233465234, 0.17899777304137554]",570,5061468,,,,,,
results/bootstrap/ami_pyannote.json,confusion_100hz,,,0.5940055585177378,,0.6869721766890883,0.8728944858936255,0.13219864103008996,0.8481428650710441,0.9203772286875666,0.6074485116639167,5.3628648423988096e-05,"[0.8481428650710441, 0.9203772286875666, 0.6074485116639167, 5.3628648423988096e-05]",570,5066043,,,,,,
results/bootstrap/ami_renorm_pooled.json,confusion_100hz,,,0.5989526626033821,,0.569435211638789,0.83060645646678,0.17711929951284225,0.7747158523343638,0.8914944050964735,0.474958618772136,0.2546417742105549,"[0.7747158523343638, 0.8914944050964735, 0.474958618772136, 0.2546417742105549]",570,15184404,,,,,,
results/bootstrap/ami_renorm_s1234.json,confusion_100hz,,,0.5954184753819189,,0.5722072947990133,0.8321755664562139,0.17516479408740707,0.7701608722353823,0.8934493016335925,0.48058943845772845,0.23747428920097233,"[0.7701608722353823, 0.8934493016335925, 0.48058943845772845, 0.23747428920097233]",570,5061468,,,,,,
results/bootstrap/ami_renorm_s2345.json,confusion_100hz,,,0.5944102316537957,,0.5556201168939998,0.8287864311302571,0.17910278203872868,0.7750286822247585,0.889547557057199,0.4619083186759938,0.2511563686572316,"[0.7750286822247585, 0.889547557057199, 0.4619083186759938, 0.2511563686572316]",570,5061468,,,,,,
results/bootstrap/ami_renorm_s3456.json,confusion_100hz,,,0.6064200678229084,,0.5798313020039189,0.830857371813869,0.17709032241239103,0.7786943968587957,0.8914585292949417,0.4818088659577785,0.27371847918011766,"[0.7786943968587957, 0.8914585292949417, 0.4818088659577785, 0.27371847918011766]",570,5061468,,,,,,
results/bootstrap/ami_sortformer_offline.json,confusion_100hz,,,0.6061044368602524,,0.5976163444148405,0.81079552621247,0.20297123415652019,0.7495701351387658,0.8739358675573651,0.5098376580503539,0.29107408669452467,"[0.7495701351387658, 0.8739358675573651, 0.5098376580503539, 0.29107408669452467]",570,5066043,,,,,,
results/bootstrap/ami_sortformer_str_640.json,confusion_100hz,,,0.5391641556517488,,0.5076721724034813,0.7616354618387566,0.2597881620823195,0.6831656021599355,0.8338510727169395,0.4475745600385205,0.19206538769159975,"[0.6831656021599355, 0.8338510727169395, 0.4475745600385205, 0.19206538769159975]",570,5066043,,,,,,
results/bootstrap/ami_sortformer_str_default.json,confusion_100hz,,,0.5635318512678332,,0.5521050214810947,0.7714563417641738,0.24797164177248396,0.6928905444741142,0.8398911508196544,0.49872357342647416,0.22262213635109027,"[0.6928905444741142, 0.8398911508196544, 0.49872357342647416, 0.22262213635109027]",570,5066043,,,,,,
results/bootstrap/ami_zipcount.json,confusion_100hz,,,0.6532088462600393,,0.6759372739741896,0.8478759521941065,0.15843012343454507,0.7940010651835843,0.9048263822617966,0.574609247711791,0.33939868988298527,"[0.7940010651835843, 0.9048263822617966, 0.574609247711791, 0.33939868988298527]",570,5061468,,,,,,
results/bootstrap/dipco_diarizen.json,confusion_100hz,,,0.4953213856036448,,0.5349521110050953,0.6687065558566414,0.38165743309081634,0.5247798221209885,0.7903482884635609,0.4001184271225652,0.2660390047074647,"[0.5247798221209885, 0.7903482884635609, 0.4001184271225652, 0.2660390047074647]",107,936979,,,,,,
results/bootstrap/dipco_logmel_pooled.json,confusion_100hz,,,0.4421120770798614,,0.3574911532781632,0.6745224971157544,0.3655578344656668,0.56137308729411,0.7976511725687563,0.23868841719727837,0.17073563125930097,"[0.56137308729411, 0.7976511725687563, 0.23868841719727837, 0.17073563125930097]",107,2808360,,,,,,
results/bootstrap/dipco_logmel_s1234.json,confusion_100hz,,,0.44762241798387903,,0.3819735934017446,0.6713594410972952,0.3664722471478016,0.5610712285525177,0.7948271252765202,0.2618039840192216,0.17278733408725672,"[0.5610712285525177, 0.7948271252765202, 0.2618039840192216, 0.17278733408725672]",107,936120,,,,,,
results/bootstrap/dipco_logmel_s2345.json,confusion_100hz,,,0.4398288679798639,,0.3448600415597115,0.6732523608084434,0.36879459898303635,0.5622083447707933,0.7962815370153036,0.2288819590938274,0.17194363103953147,"[0.5622083447707933, 0.7962815370153036, 0.2288819590938274, 0.17194363103953147]",107,936120,,,,,,
results/bootstrap/dipco_logmel_s3456.json,confusion_100hz,,,0.43824095115066425,,0.3435378767309259,0.6789556894415246,0.36140665726616245,0.5607586103773115,0.801774533882182,0.2229776875009691,0.1674529728421944,"[0.5607586103773115, 0.801774533882182, 0.2229776875009691, 0.1674529728421944]",107,936120,,,,,,
results/bootstrap/dipco_lossabl_auxvad_pooled.json,confusion_100hz,,,0.5105893806231394,,0.49583626062688124,0.6790272614622057,0.35366762096027576,0.6174246369032836,0.7990538185217939,0.3395822853578543,0.28629678170962575,"[0.6174246369032836, 0.7990538185217939, 0.3395822853578543, 0.28629678170962575]",107,2808360,,,,,,
results/bootstrap/dipco_lossabl_auxvad_s1234.json,confusion_100hz,,,0.5033556469787274,,0.4931827824275851,0.6794994231508781,0.3508738195957783,0.6021264908976773,0.8001901140684411,0.3424557356386078,0.26865024731018305,"[0.6021264908976773, 0.8001901140684411, 0.3424557356386078, 0.26865024731018305]",107,936120,,,,,,
results/bootstrap/dipco_lossabl_auxvad_s2345.json,confusion_100hz,,,0.5142505885133742,,0.4985580045074296,0.6774014015297184,0.35543733709353503,0.628296614475082,0.7964439042375688,0.3452515159785924,0.28701031936225363,"[0.628296614475082, 0.7964439042375688, 0.3452515159785924, 0.28701031936225363]",107,936120,,,,,,
results/bootstrap/dipco_lossabl_auxvad_s3456.json,confusion_100hz,,,0.5131745208028408,,0.4957398354830477,0.6801809597060205,0.3546917061915139,0.6200600531239173,0.800493045640789,0.33060440040434796,0.3015405840423086,"[0.6200600531239173, 0.800493045640789, 0.33060440040434796, 0.3015405840423086]",107,936120,,,,,,
results/bootstrap/dipco_lossabl_countonly_pooled.json,confusion_100hz,,,0.51329391912136,,0.4983126735908139,0.6752442706775484,0.357855118289678,0.6181941887456975,0.7958516701236947,0.3385315577244532,0.30059825989159467,"[0.6181941887456975, 0.7958516701236947, 0.3385315577244532, 0.30059825989159467]",107,2808360,,,,,,
results/bootstrap/dipco_lossabl_countonly_s1234.json,confusion_100hz,,,0.504400546218386,,0.4907653237908346,0.6777795581763022,0.35403153441866425,0.5988473306604769,0.7995536371216952,0.33419878636701605,0.2850024307243559,"[0.5988473306604769, 0.7995536371216952, 0.33419878636701605, 0.2850024307243559]",107,936120,,,,,,
results/bootstrap/dipco_lossabl_countonly_s2345.json,confusion_100hz,,,0.5151822845186587,,0.49837371930395186,0.6775744562662906,0.3553006024868607,0.629936510119416,0.7967727213049159,0.3428357089272318,0.2911841977230709,"[0.629936510119416, 0.7967727213049159, 0.3428357089272318, 0.2911841977230709]",107,936120,,,,,,
results/bootstrap/dipco_lossabl_countonly_s3456.json,confusion_100hz,,,0.5189977933006428,,0.5055191317553802,0.6703787975900526,0.36423321796350894,0.6232916176911198,0.7911081428431587,0.3385296087809808,0.32306180388731165,"[0.6232916176911198, 0.7911081428431587, 0.3385296087809808, 0.32306180388731165]",107,936120,,,,,,
results/bootstrap/dipco_lossabl_ordinal_pooled.json,confusion_100hz,,,0.5096533824281079,,0.4927215251943433,0.6816034981270207,0.3506758392798644,0.6187711833850148,0.8011063458229538,0.3384047375645041,0.2803312629399586,"[0.6187711833850148, 0.8011063458229538, 0.3384047375645041, 0.2803312629399586]",107,2808360,,,,,,
results/bootstrap/dipco_lossabl_ordinal_s1234.json,confusion_100hz,,,0.5023250155530873,,0.4905910830014836,0.6817245652266803,0.34825877024313123,0.6041802914170612,0.801878262675753,0.34178317478620157,0.26145833333333335,"[0.6041802914170612, 0.801878262675753, 0.34178317478620157, 0.26145833333333335]",107,936120,,,,,,
results/bootstrap/dipco_lossabl_ordinal_s2345.json,confusion_100hz,,,0.5132817078736661,,0.4955005133967491,0.6801585266846131,0.35226680340127337,0.6282301543037739,0.7987734389081214,0.3440905431870337,0.28203269509573564,"[0.6282301543037739, 0.7987734389081214, 0.3440905431870337, 0.28203269509573564]",107,936120,,,,,,
results/bootstrap/dipco_lossabl_ordinal_s3456.json,confusion_100hz,,,0.5123930747921532,,0.4920368818105616,0.6829274024697688,0.35150194419518865,0.6222326841815176,0.8026419655631752,0.3288588056680162,0.295838843755904,"[0.6222326841815176, 0.8026419655631752, 0.3288588056680162, 0.295838843755904]",107,936120,,,,,,
results/bootstrap/dipco_mask_pooled.json,confusion_100hz,,,0.5515829318697425,,0.5638091452785489,0.7001937073594553,0.3292206127419562,0.66931485953985,0.8120605105349153,0.4031158960875298,0.32184046131667465,"[0.66931485953985, 0.8120605105349153, 0.4031158960875298, 0.32184046131667465]",107,2808360,,,,,,
results/bootstrap/dipco_mask_s2345.json,confusion_100hz,,,0.5534599735407126,,0.5695723338301588,0.6964790838781353,0.3327073452121523,0.6686065146840819,0.8083172215907067,0.40922907663865166,0.3276870812494102,"[0.6686065146840819, 0.8083172215907067, 0.40922907663865166, 0.3276870812494102]",107,936120,,,,,,
results/bootstrap/dipco_mask_s3456.json,confusion_100hz,,,0.5520322411122626,,0.5614880196915504,0.7047825065162586,0.32441567320429004,0.6706047819971871,0.8160306217903438,0.4007149101272947,0.3207786505342245,"[0.6706047819971871, 0.8160306217903438, 0.4007149101272947, 0.3207786505342245]",107,936120,,,,,,
results/bootstrap/dipco_only5_pooled.json,confusion_100hz,,,0.37410587619981683,,0.12802181188276113,0.6710760016522098,0.38606944978564,0.5321202544210016,0.796196926667676,0.04917810448651874,0.118928219224071,"[0.5321202544210016, 0.796196926667676, 0.04917810448651874, 0.118928219224071]",107,2808360,,,,,,
results/bootstrap/dipco_only5_s1234.json,confusion_100hz,,,0.37320534662913496,,0.1357275551224266,0.6768801008417724,0.37699226594880997,0.5185425168192346,0.8013014858516333,0.0558957576244303,0.11708162622124173,"[0.5185425168192346, 0.8013014858516333, 0.0558957576244303, 0.11708162622124173]",107,936120,,,,,,
results/bootstrap/dipco_only5_s2345.json,confusion_100hz,,,0.3686256253104199,,0.1046682001512478,0.6730312353117122,0.3842263812331752,0.5397644819793029,0.7969524455734748,0.039162622869229814,0.09862295081967214,"[0.5397644819793029, 0.7969524455734748, 0.039162622869229814, 0.09862295081967214]",107,936120,,,,,,
results/bootstrap/dipco_only5_s3456.json,confusion_100hz,,,0.3793650121258526,,0.14281816941754194,0.6633166688031449,0.39698970217493484,0.5357127860592064,0.790151530112766,0.052179629816931326,0.13941610251450676,"[0.5357127860592064, 0.790151530112766, 0.052179629816931326, 0.13941610251450676]",107,936120,,,,,,
results/bootstrap/dipco_pyannote.json,confusion_100hz,,,0.46376226432454054,,0.5213673238264729,0.7133393597935492,0.3203305516985973,0.6342799161678239,0.8279184998767407,0.3927736233854521,7.701786814540974e-05,"[0.6342799161678239, 0.8279184998767407, 0.3927736233854521, 7.701786814540974e-05]",107,936979,,,,,,
results/bootstrap/dipco_renorm_pooled.json,confusion_100hz,,,0.5101757675661592,,0.49249190017654704,0.6785241208392087,0.3540585964762352,0.6172081935369945,0.7985073088687537,0.33627478312868436,0.28871278473020445,"[0.6172081935369945, 0.7985073088687537, 0.33627478312868436, 0.28871278473020445]",107,2808360,,,,,,
results/bootstrap/dipco_renorm_s1234.json,confusion_100hz,,,0.5024763736594489,,0.48966472303207,0.6800314062299705,0.350200828953553,0.60629686324365,0.8003533190250355,0.3402781934186428,0.26297711895046744,"[0.60629686324365, 0.8003533190250355, 0.3402781934186428, 0.26297711895046744]",107,936120,,,,,,
results/bootstrap/dipco_renorm_s2345.json,confusion_100hz,,,0.5130549891390311,,0.4950730189130955,0.6767850275605691,0.3558026748707431,0.6255234993020009,0.7957898676147261,0.34325866064531463,0.2876479289940828,"[0.6255234993020009, 0.7957898676147261, 0.34325866064531463, 0.2876479289940828]",107,936120,,,,,,
results/bootstrap/dipco_renorm_s3456.json,confusion_100hz,,,0.5137352377333034,,0.4927016607645599,0.6787559287270862,0.35617228560440967,0.6186749645867682,0.799338195235501,0.32472153659178327,0.31220625451916123,"[0.6186749645867682, 0.799338195235501, 0.32472153659178327, 0.31220625451916123]",107,936120,,,,,,
results/bootstrap/dipco_sortformer_offline.json,confusion_100hz,,,0.5008351510853337,,0.4938539025077487,0.6965545652570655,0.34901422550558764,0.5901201178574687,0.8138897887337686,0.3568221930910236,0.24250850465907411,"[0.5901201178574687, 0.8138897887337686, 0.3568221930910236, 0.24250850465907411]",107,936979,,,,,,
results/bootstrap/dipco_sortformer_str_640.json,confusion_100hz,,,0.4949750012160986,,0.5116875436953031,0.6654183284790801,0.3890492743167136,0.5351592697217747,0.7908870342950542,0.3456143334213735,0.3082393674261919,"[0.5351592697217747, 0.7908870342950542, 0.3456143334213735, 0.3082393674261919]",107,936979,,,,,,
results/bootstrap/dipco_sortformer_str_default.json,confusion_100hz,,,0.5181563480717646,,0.5600455841681024,0.6766373632706816,0.3766829352632236,0.5325653427621284,0.7990240227946354,0.3954062269419918,0.3456297997883026,"[0.5325653427621284, 0.7990240227946354, 0.3954062269419918, 0.3456297997883026]",107,936979,,,,,,
results/bootstrap/dipco_zipcount.json,confusion_100hz,,,0.5491425747708294,,0.5601463745455231,0.6993195316839721,0.3305388198094261,0.6687355629205584,0.8117660817214499,0.3991536633617006,0.31691499107960847,"[0.6687355629205584, 0.8117660817214499, 0.3991536633617006, 0.31691499107960847]",107,936120,,,,,,
results/bootstrap/msdwild_diarizen.json,confusion_100hz,,,0.642140553470439,,0.7109651700021891,0.8283511642542479,0.18443813610815737,0.7467013213246604,0.8985275477062736,0.6095948305144997,0.3137385143363224,"[0.7467013213246604, 0.8985275477062736, 0.6095948305144997, 0.3137385143363224]",268,1474592,,,,,,
results/bootstrap/msdwild_logmel_pooled.json,confusion_100hz,,,0.385314426509934,,0.39069807592475875,0.6308563221201303,0.4408583235075174,0.3268963964817306,0.7785674517985273,0.2696569632196867,0.16613689453979158,"[0.3268963964817306, 0.7785674517985273, 0.2696569632196867, 0.16613689453979158]",268,4416936,,,,,,
results/bootstrap/msdwild_logmel_s1234.json,confusion_100hz,,,0.37622953648582,,0.4010033433864149,0.6176489765756171,0.45028838996082354,0.27021983999193117,0.7685564290421179,0.28829606560948157,0.17784581129974952,"[0.27021983999193117, 0.7685564290421179, 0.28829606560948157, 0.17784581129974952]",268,1472312,,,,,,
results/bootstrap/msdwild_logmel_s2345.json,confusion_100hz,,,0.390146331794464,,0.37644590679816925,0.656444422106184,0.4040658501730611,0.3499850009192985,0.7955078562666812,0.2636685822254931,0.1514238877663833,"[0.3499850009192985, 0.7955078562666812, 0.2636685822254931, 0.1514238877663833]",268,1472312,,,,,,
results/bootstrap/msdwild_logmel_s3456.json,confusion_100hz,,,0.38665277966725836,,0.3918163005573504,0.6184755676785899,0.4682207303886676,0.3545842843906077,0.770842646155202,0.25377393435800816,0.1674102537652156,"[0.3545842843906077, 0.770842646155202, 0.25377393435800816, 0.1674102537652156]",268,1472312,,,,,,
results/bootstrap/msdwild_lossabl_auxvad_pooled.json,confusion_100hz,,,0.5327976417877037,,0.5600089985876477,0.7300026534230969,0.32055049020406906,0.6095364347348585,0.8415874206753441,0.41282766726848197,0.2672390444721304,"[0.6095364347348585, 0.8415874206753441, 0.41282766726848197, 0.2672390444721304]",268,4416936,,,,,,
results/bootstrap/msdwild_lossabl_auxvad_s1234.json,confusion_100hz,,,0.5263496556739315,,0.5508838286061307,0.7312023538489124,0.32103181934263936,0.5891952912435452,0.8433586918268873,0.41553184054192094,0.2573127990833726,"[0.5891952912435452, 0.8433586918268873, 0.41553184054192094, 0.2573127990833726]",268,1472312,,,,,,
results/bootstrap/msdwild_lossabl_auxvad_s2345.json,confusion_100hz,,,0.53988344627152,,0.568595498083902,0.7348625834741549,0.3098847255201343,0.6213738540750974,0.84294775661815,0.42071488194293066,0.2744972924499017,"[0.6213738540750974, 0.84294775661815, 0.42071488194293066, 0.2744972924499017]",268,1472312,,,,,,
results/bootstrap/msdwild_lossabl_auxvad_s3456.json,confusion_100hz,,,0.5319154630235261,,0.5604939126953884,0.7239430229462234,0.33073492574943353,0.617015329706951,0.8383971643011754,0.4025097778493406,0.26973958023663713,"[0.617015329706951, 0.8383971643011754, 0.4025097778493406, 0.26973958023663713]",268,1472312,,,,,,
results/bootstrap/msdwild_lossabl_countonly_pooled.json,confusion_100hz,,,0.5273751753787969,,0.553848196469086,0.724385863865811,0.3312964009440028,0.6066612056355881,0.8387863367294297,0.40312153854552435,0.26093162060464514,"[0.6066612056355881, 0.8387863367294297, 0.40312153854552435, 0.26093162060464514]",268,4416936,,,,,,
results/bootstrap/msdwild_lossabl_countonly_s1234.json,confusion_100hz,,,0.5232616120939463,,0.547629125345633,0.7260764022842985,0.32856962382973176,0.586061646012075,0.8403616445588332,0.4104280106701325,0.25619514713474445,"[0.586061646012075, 0.8403616445588332, 0.4104280106701325, 0.25619514713474445]",268,1472312,,,,,,
results/bootstrap/msdwild_lossabl_countonly_s2345.json,confusion_100hz,,,0.5344536941451321,,0.5609569945625309,0.7284705959063025,0.32075062894277845,0.6178771084047656,0.8396300703072054,0.408790550237348,0.2715170476312093,"[0.6178771084047656, 0.8396300703072054, 0.408790550237348, 0.2715170476312093]",268,1472312,,,,,,
results/bootstrap/msdwild_lossabl_countonly_s3456.json,confusion_100hz,,,0.5243025857727867,,0.5529894771318996,0.7186105934068322,0.3445689500594983,0.6149440099430826,0.8363269519472699,0.38988657592026593,0.25605280528052804,"[0.6149440099430826, 0.8363269519472699, 0.38988657592026593, 0.25605280528052804]",268,1472312,,,,,,
results/bootstrap/msdwild_lossabl_ordinal_pooled.json,confusion_100hz,,,0.5345358043469192,,0.5598754578454317,0.733842872072405,0.3143498117246888,0.6112893468018407,0.8434555625343295,0.41690284945030287,0.26649545860120344,"[0.6112893468018407, 0.8434555625343295, 0.41690284945030287, 0.26649545860120344]",268,4416936,,,,,,
results/bootstrap/msdwild_lossabl_ordinal_s1234.json,confusion_100hz,,,0.5277478982029635,,0.5498950741156395,0.7345270567651422,0.315376767967659,0.5923414469119096,0.8448739224153622,0.4186009789988947,0.2551752444856878,"[0.5923414469119096, 0.8448739224153622, 0.4186009789988947, 0.2551752444856878]",268,1472312,,,,,,
results/bootstrap/msdwild_lossabl_ordinal_s2345.json,confusion_100hz,,,0.5417446037311927,,0.5686550890706554,0.7379984677160819,0.3047947717603334,0.6221851934427769,0.84427654200205,0.42637485308245093,0.2741418263974929,"[0.6221851934427769, 0.84427654200205, 0.42637485308245093, 0.2741418263974929]",268,1472312,,,,,,
results/bootstrap/msdwild_lossabl_ordinal_s3456.json,confusion_100hz,,,0.5338210955409143,,0.5609687120352114,0.7290030917359908,0.3228778954460739,0.6184446328097146,0.8411802552468144,0.4058053104911323,0.269854183615996,"[0.6184446328097146, 0.8411802552468144, 0.4058053104911323, 0.269854183615996]",268,1472312,,,,,,
results/bootstrap/msdwild_mask_pooled.json,confusion_100hz,,,0.5533853182030034,,0.6012197389560651,0.7464167468127226,0.29180612986015647,0.6105534898315876,0.8499764067428599,0.47043298802064787,0.28257838821691816,"[0.6105534898315876, 0.8499764067428599, 0.47043298802064787, 0.28257838821691816]",268,4416936,,,,,,
results/bootstrap/msdwild_mask_s2345.json,confusion_100hz,,,0.5520784881906025,,0.5986392144341032,0.7432561848303892,0.2942372268921261,0.6084744015547885,0.8473771666133048,0.46752822502808894,0.28493415956622775,"[0.6084744015547885, 0.8473771666133048, 0.46752822502808894, 0.28493415956622775]",268,1472312,,,,,,
results/bootstrap/msdwild_mask_s3456.json,confusion_100hz,,,0.5575698147848971,,0.6054640951649402,0.7498492167421036,0.28789074598318837,0.6170897596940904,0.8520645981219341,0.4680962092449907,0.2930286920785733,"[0.6170897596940904, 0.8520645981219341, 0.4680962092449907, 0.2930286920785733]",268,1472312,,,,,,
results/bootstrap/msdwild_only5_pooled.json,confusion_100hz,,,0.36576778995364245,,0.4196273887896799,0.5947016212143441,0.5541599425484092,0.3222931160067951,0.7681855233549005,0.2239193340984662,0.14867318635440793,"[0.3222931160067951, 0.7681855233549005, 0.2239193340984662, 0.14867318635440793]",268,4416936,,,,,,
results/bootstrap/msdwild_only5_s1234.json,confusion_100hz,,,0.3853055977136391,,0.41961310034138205,0.6154829954520509,0.5057548943430469,0.3529618995613958,0.7780527411292955,0.254023170013925,0.15618458014994005,"[0.3529618995613958, 0.7780527411292955, 0.254023170013925, 0.15618458014994005]",268,1472312,,,,,,
results/bootstrap/msdwild_only5_s2345.json,confusion_100hz,,,0.34952766188301704,,0.42191696839651704,0.5936404783768657,0.571080722020876,0.29201478118962315,0.7724753366737804,0.18978724896137059,0.14383328070729398,"[0.29201478118962315, 0.7724753366737804, 0.18978724896137059, 0.14383328070729398]",268,1472312,,,,,,
results/bootstrap/msdwild_only5_s3456.json,confusion_100hz,,,0.36086451680052256,,0.4175604861495883,0.5749813898141155,0.5856442112813045,0.3199594038544275,0.7535045007059075,0.2218105934488499,0.14818356919290548,"[0.3199594038544275, 0.7535045007059075, 0.2218105934488499, 0.14818356919290548]",268,1472312,,,,,,
results/bootstrap/msdwild_pyannote.json,confusion_100hz,,,0.5091387758983034,,0.586987927963586,0.7856362980404071,0.23154879451400795,0.6715801672368106,0.8722765800302466,0.49249338053892133,0.00020497578723513286,"[0.6715801672368106, 0.8722765800302466, 0.49249338053892133, 0.00020497578723513286]",268,1474592,,,,,,
results/bootstrap/msdwild_renorm_pooled.json,confusion_100hz,,,0.5323954198959233,,0.5597570567515102,0.7314278495318927,0.3190127726550713,0.6109838776452795,0.8424354775783142,0.4096760642525,0.2664862601075996,"[0.6109838776452795, 0.8424354775783142, 0.4096760642525, 0.2664862601075996]",268,4416936,,,,,,
results/bootstrap/msdwild_renorm_s1234.json,confusion_100hz,,,0.52865737109709,,0.550881602625393,0.7345297735805998,0.31476955971288695,0.5955282602437386,0.8444549340007799,0.41790628943530017,0.25674000070854147,"[0.5955282602437386, 0.8444549340007799, 0.41790628943530017, 0.25674000070854147]",268,1472312,,,,,,
results/bootstrap/msdwild_renorm_s2345.json,confusion_100hz,,,0.5380331215711307,,0.5692840505337701,0.7333364123908519,0.3139056123973723,0.6213636951132104,0.8428812457394829,0.4114086223004092,0.2764789231314205,"[0.6213636951132104, 0.8428812457394829, 0.4114086223004092, 0.2764789231314205]",268,1472312,,,,,,
results/bootstrap/msdwild_renorm_s3456.json,confusion_100hz,,,0.5301338291782953,,0.5589230542886567,0.7264173626242264,0.32836314585495463,0.6154057778188864,0.8399291286777865,0.399754084536161,0.2654463256803475,"[0.6154057778188864, 0.8399291286777865, 0.399754084536161, 0.2654463256803475]",268,1472312,,,,,,
results/bootstrap/msdwild_sortformer_offline.json,confusion_100hz,,,0.5125237499750604,,0.5031665568203701,0.7639767474664179,0.2673125854473644,0.6012180232698423,0.8600938576991706,0.4196451628329587,0.1691379560982701,"[0.6012180232698423, 0.8600938576991706, 0.4196451628329587, 0.1691379560982701]",268,1474592,,,,,,
results/bootstrap/msdwild_sortformer_str_640.json,confusion_100hz,,,0.5369054664717051,,0.5575054416914133,0.7579852596514832,0.27364789718105076,0.6094463656351162,0.8552363005338929,0.442841973766396,0.24009722595141528,"[0.6094463656351162, 0.8552363005338929, 0.442841973766396, 0.24009722595141528]",268,1474592,,,,,,
results/bootstrap/msdwild_sortformer_str_default.json,confusion_100hz,,,0.5537790247335429,,0.5855909832716224,0.770484310236323,0.26013500683578916,0.6195676988685654,0.8640811493698908,0.48016973554595743,0.2512975151497579,"[0.6195676988685654, 0.8640811493698908, 0.48016973554595743, 0.2512975151497579]",268,1474592,,,,,,
results/bootstrap/msdwild_zipcount.json,confusion_100hz,,,0.5502204500647372,,0.5997668122443334,0.7461448388656752,0.2932904167051549,0.60578740067846,0.8504776861987572,0.47549157407270415,0.2691251393090272,"[0.60578740067846, 0.8504776861987572, 0.47549157407270415, 0.2691251393090272]",268,1472312,,,,,,
results/bootstrap/voxlock_diarizen.json,confusion_100hz,,,0.6563862836224583,,0.6587577471237082,0.9351305985171788,0.06674206715433356,0.7815688413948925,0.963820026242807,0.6438929576114407,0.23626330924069325,"[0.7815688413948925, 0.963820026242807, 0.6438929576114407, 0.23626330924069325]",964,8072450,,,,,,
results/bootstrap/voxlock_logmel_pooled.json,confusion_100hz,,,0.38477210686478336,,0.13961082823984394,0.7961962937318218,0.2480167252601325,0.5016473720788004,0.8905905412489247,0.13677830830623025,0.010072205825178093,"[0.5016473720788004, 0.8905905412489247, 0.13677830830623025, 0.010072205825178093]",964,24193824,,,,,,
results/bootstrap/voxlock_logmel_s1234.json,confusion_100hz,,,0.37061359513144565,,0.13399390858648663,0.7720819164428079,0.27455159630821485,0.463963843356913,0.8770342210922601,0.13137736755610369,0.010078948520505698,"[0.463963843356913, 0.8770342210922601, 0.13137736755610369, 0.010078948520505698]",964,8064608,,,,,,
results/bootstrap/voxlock_logmel_s2345.json,confusion_100hz,,,0.39342718179551833,,0.14659676856688186,0.818313549772041,0.2159689596816113,0.5183003578394657,0.9028969937453782,0.140321536961257,0.012189838635972486,"[0.5183003578394657, 0.9028969937453782, 0.140321536961257, 0.012189838635972486]",964,8064608,,,,,,
results/bootstrap/voxlock_logmel_s3456.json,confusion_100hz,,,0.3900971671037905,,0.14058095505080762,0.7981934149806166,0.25352961979057137,0.5190681172393153,0.8915019238176833,0.14099475970223835,0.008823867655924921,"[0.5190681172393153, 0.8915019238176833, 0.14099475970223835, 0.008823867655924921]",964,8064608,,,,,,
results/bootstrap/voxlock_lossabl_auxvad_pooled.json,confusion_100hz,,,0.5317660018408187,,0.4533825471974432,0.8970814617813208,0.11923468567846075,0.6949629753497305,0.9461958750765299,0.43000282389011035,0.05590233304690413,"[0.6949629753497305, 0.9461958750765299, 0.43000282389011035, 0.05590233304690413]",964,24193824,,,,,,
results/bootstrap/voxlock_lossabl_auxvad_s1234.json,confusion_100hz,,,0.5247735470397348,,0.440866120421823,0.8954670828389923,0.12426853233287967,0.6692216571116555,0.9465336764995886,0.4339925438563053,0.04934631069138959,"[0.6692216571116555, 0.9465336764995886, 0.4339925438563053, 0.04934631069138959]",964,8064608,,,,,,
results/bootstrap/voxlock_lossabl_auxvad_s2345.json,confusion_100hz,,,0.5363923759752429,,0.46699567284203086,0.8976845495776112,0.11557672734992203,0.7101812560151649,0.9455374297322465,0.42735145809622155,0.06249936005733886,"[0.7101812560151649, 0.9455374297322465, 0.42735145809622155, 0.06249936005733886]",964,8064608,,,,,,
results/bootstrap/voxlock_lossabl_auxvad_s3456.json,confusion_100hz,,,0.5340070657312717,,0.45236523375029347,0.8980927529273587,0.11785879735258056,0.704339037289818,0.9465136923769495,0.42871076098090016,0.05646477227741892,"[0.704339037289818, 0.9465136923769495, 0.42871076098090016, 0.05646477227741892]",964,8064608,,,,,,
results/bootstrap/voxlock_lossabl_countonly_pooled.json,confusion_100hz,,,0.5289513415166092,,0.4415672401713369,0.8961458924393266,0.12257942357520663,0.6953178707011849,0.945997026673122,0.42600750982859537,0.0484829588635345,"[0.6953178707011849, 0.945997026673122, 0.42600750982859537, 0.0484829588635345]",964,24193824,,,,,,
results/bootstrap/voxlock_lossabl_countonly_s1234.json,confusion_100hz,,,0.5249589719363057,,0.4344259108657014,0.8957631914657228,0.1251608261678683,0.675950156179653,0.94671472164753,0.4327579514578624,0.044413058460177145,"[0.675950156179653, 0.94671472164753, 0.4327579514578624, 0.044413058460177145]",964,8064608,,,,,,
results/bootstrap/voxlock_lossabl_countonly_s2345.json,confusion_100hz,,,0.5306473397858563,,0.4492916710683649,0.8961939625583786,0.11965330490955046,0.7089760310052642,0.9453070993032054,0.4131892863509418,0.055116942484013644,"[0.7089760310052642, 0.9453070993032054, 0.4131892863509418, 0.055116942484013644]",964,8064608,,,,,,
results/bootstrap/voxlock_lossabl_countonly_s3456.json,confusion_100hz,,,0.5312583584568179,,0.44086987197163074,0.8964805232938786,0.12292413964820113,0.7003712904188167,0.9459655605245342,0.43243388189145293,0.046262700992467945,"[0.7003712904188167, 0.9459655605245342, 0.43243388189145293, 0.046262700992467945]",964,8064608,,,,,,
results/bootstrap/voxlock_lossabl_ordinal_pooled.json,confusion_100hz,,,0.5357222539617434,,0.4603300998593599,0.8994469415004425,0.11540428664769985,0.6997656565973103,0.9471776297465405,0.4369799048163345,0.05896582468678846,"[0.6997656565973103, 0.9471776297465405, 0.4369799048163345, 0.05896582468678846]",964,24193824,,,,,,
results/bootstrap/voxlock_lossabl_ordinal_s1234.json,confusion_100hz,,,0.5292590548408158,,0.44864753278966985,0.898045757462731,0.11984947067483007,0.6767534686467431,0.9475102404734337,0.44080334185268977,0.05196916839039651,"[0.6767534686467431, 0.9475102404734337, 0.44080334185268977, 0.05196916839039651]",964,8064608,,,,,,
results/bootstrap/voxlock_lossabl_ordinal_s2345.json,confusion_100hz,,,0.5393156565846938,,0.4713967352755474,0.8997502420452426,0.11258786539903737,0.7135441718890503,0.9465593702271542,0.4317799224564103,0.06537916176616068,"[0.7135441718890503, 0.9465593702271542, 0.4317799224564103, 0.06537916176616068]",964,8064608,,,,,,
results/bootstrap/voxlock_lossabl_ordinal_s3456.json,confusion_100hz,,,0.5384821937931653,,0.4609341370680921,0.9005448249933536,0.11377552386923208,0.7080407249085054,0.9474607651962106,0.4384287844949499,0.05999850057299532,"[0.7080407249085054, 0.9474607651962106, 0.4384287844949499, 0.05999850057299532]",964,8064608,,,,,,
results/bootstrap/voxlock_mask_pooled.json,confusion_100hz,,,0.542036685661367,,0.4721143455033547,0.9016087328733151,0.11200259206647117,0.6927585759266027,0.9479214411314586,0.4642711398170166,0.06319558577038992,"[0.6927585759266027, 0.9479214411314586, 0.4642711398170166, 0.06319558577038992]",964,24193824,,,,,,
results/bootstrap/voxlock_mask_s2345.json,confusion_100hz,,,0.542614224072245,,0.4761395479545546,0.9014011592379939,0.11157256496533992,0.6906310659499196,0.947849182504318,0.46244632037178657,0.06953032746295568,"[0.6906310659499196, 0.947849182504318, 0.46244632037178657, 0.06953032746295568]",964,8064608,,,,,,
results/bootstrap/voxlock_mask_s3456.json,confusion_100hz,,,0.5442475272344688,,0.4742785445420326,0.9027436919438614,0.11048509735377095,0.7008135485628906,0.9482614751926457,0.46497843557776153,0.0629366496045772,"[0.7008135485628906, 0.9482614751926457, 0.46497843557776153, 0.0629366496045772]",964,8064608,,,,,,
results/bootstrap/voxlock_only5_pooled.json,confusion_100hz,,,0.3861899836732831,,0.2392604473290225,0.8451070818734566,0.19264565204739853,0.4219073526878202,0.9236230691851405,0.17538673679603994,0.023842776024131727,"[0.4219073526878202, 0.9236230691851405, 0.17538673679603994, 0.023842776024131727]",964,24193824,,,,,,
results/bootstrap/voxlock_only5_s1234.json,confusion_100hz,,,0.38894397639022704,,0.22587171381161586,0.8461027491974812,0.19486638408215254,0.4235452086035162,0.925385583779077,0.18509683264307228,0.021748280535242668,"[0.4235452086035162, 0.925385583779077, 0.18509683264307228, 0.021748280535242668]",964,8064608,,,,,,
results/bootstrap/voxlock_only5_s2345.json,confusion_100hz,,,0.3725650778269057,,0.24620862152882197,0.8442766220007222,0.19175600351560795,0.3796252043316975,0.9228811395574706,0.16265846320273147,0.025095504215723187,"[0.3796252043316975, 0.9228811395574706, 0.16265846320273147, 0.025095504215723187]",964,8064608,,,,,,
results/bootstrap/voxlock_only5_s3456.json,confusion_100hz,,,0.3960207916017088,,0.24620824002038144,0.8449418744221666,0.19131456854443515,0.4601809124434173,0.9226060910044407,0.17677980654341965,0.0245163564155574,"[0.4601809124434173, 0.9226060910044407, 0.17677980654341965, 0.0245163564155574]",964,8064608,,,,,,
results/bootstrap/voxlock_pyannote.json,confusion_100hz,,,0.5742476202799938,,0.5865447010754036,0.9309909630905115,0.07064113125507127,0.7617053055189612,0.9616800798287649,0.5736050957722487,0.0,"[0.7617053055189612, 0.9616800798287649, 0.5736050957722487, 0.0]",964,8072450,,,,,,
results/bootstrap/voxlock_renorm_pooled.json,confusion_100hz,,,0.5332128615636362,,0.45365788792228606,0.8983989054396693,0.11725707354075156,0.6975632855795777,0.946588598539955,0.43428962837117135,0.0544099337638407,"[0.6975632855795777, 0.946588598539955, 0.43428962837117135, 0.0544099337638407]",964,24193824,,,,,,
results/bootstrap/voxlock_renorm_s1234.json,confusion_100hz,,,0.5292044646855592,,0.44561268204900417,0.8985633275665723,0.11889418555743812,0.679247490792921,0.9475372137815868,0.43985156925738295,0.05018158491034568,"[0.679247490792921, 0.9475372137815868, 0.43985156925738295, 0.05018158491034568]",964,8064608,,,,,,
results/bootstrap/voxlock_renorm_s2345.json,confusion_100hz,,,0.5347480032919678,,0.46093221338096524,0.8981031688087009,0.11575677329883859,0.7085700477003417,0.9458133827024819,0.426078623812799,0.058529958952248766,"[0.7085700477003417, 0.9458133827024819, 0.426078623812799, 0.058529958952248766]",964,8064608,,,,,,
results/bootstrap/voxlock_renorm_s3456.json,confusion_100hz,,,0.5354094296038087,,0.4543639818177445,0.8985302199437344,0.11712026176597796,0.7039957671883513,0.9464089318253626,0.43691908251524786,0.05431393688627291,"[0.7039957671883513, 0.9464089318253626, 0.43691908251524786, 0.05431393688627291]",964,8064608,,,,,,
results/bootstrap/voxlock_sortformer_offline.json,confusion_100hz,,,0.6241528037017363,,0.5942149611537787,0.9447314012474528,0.05678722073224362,0.8129766604538762,0.969429611061285,0.5814333359893455,0.1327716073024384,"[0.8129766604538762, 0.969429611061285, 0.5814333359893455, 0.1327716073024384]",964,8072450,,,,,,
results/bootstrap/voxlock_sortformer_str_640.json,confusion_100hz,,,0.6155948721320254,,0.5653487448319077,0.9340204027277964,0.0675547076785858,0.7777664629019165,0.9631603192651497,0.5485675177496672,0.17288518861136806,"[0.7777664629019165, 0.9631603192651497, 0.5485675177496672, 0.17288518861136806]",964,8072450,,,,,,
results/bootstrap/voxlock_sortformer_str_default.json,confusion_100hz,,,0.6795606088605894,,0.6575769484036791,0.9510821373932326,0.04993861838723064,0.8368962724381189,0.9727867697194414,0.6436841533615727,0.2648752399232246,"[0.8368962724381189, 0.9727867697194414, 0.6436841533615727, 0.2648752399232246]",964,8072450,,,,,,
results/bootstrap/voxlock_zipcount.json,confusion_100hz,,,0.5392785850986963,,0.46596531743161523,0.90068134743809,0.11395011388030267,0.6866380720327973,0.9476540110354549,0.46545391985997564,0.057368337466557534,"[0.6866380720327973, 0.9476540110354549, 0.46545391985997564, 0.057368337466557534]",964,8064608,,,,,,
results/interp/a0.25_s1234__voxsel.json,perrec_25hz,/tmp/claude-1000/-home-edabk-hoangbpm/c22de1cf-7989-4e68-989d-f720938175c6/scratchpad/interp.pt,/media/edabk/500GB Hard Disk/data_diar/voxconverse/vox_sel.json,0.5445916890473805,0.4908087486437228,0.46768418250082866,0.8898361991963054,,0.705441201097997,0.941725414871017,0.44233700876102783,0.08886313145948034,,116,1894252,,,,,,
results/interp/a0.25_s2345__voxsel.json,perrec_25hz,/tmp/claude-1000/-home-edabk-hoangbpm/c22de1cf-7989-4e68-989d-f720938175c6/scratchpad/interp.pt,/media/edabk/500GB Hard Disk/data_diar/voxconverse/vox_sel.json,0.5405534630153215,0.48807114831575427,0.4581865361490264,0.8875144384168526,,0.6995973233412592,0.9407099192605576,0.4345906949701579,0.08731591448931116,,116,1894252,,,,,,
results/interp/a0.25_s3456__voxsel.json,perrec_25hz,/tmp/claude-1000/-home-edabk-hoangbpm/c22de1cf-7989-4e68-989d-f720938175c6/scratchpad/interp.pt,/media/edabk/500GB Hard Disk/data_diar/voxconverse/vox_sel.json,0.5443289068051059,0.49072524435984866,0.46423663302555296,0.8897369515777204,,0.7074174582742019,0.9416695246372726,0.43984878270074096,0.08837986160820807,,116,1894252,,,,,,
results/interp/a0.50_s1234__voxsel.json,perrec_25hz,/tmp/claude-1000/-home-edabk-hoangbpm/c22de1cf-7989-4e68-989d-f720938175c6/scratchpad/interp.pt,/media/edabk/500GB Hard Disk/data_diar/voxconverse/vox_sel.json,0.5512748398634966,0.4942217125303128,0.4862096367232589,0.893334677751429,,0.7067030431022538,0.9431236444551472,0.4608747396608152,0.09439793223577006,,116,1894252,,,,,,
results/interp/a0.50_s2345__voxsel.json,perrec_25hz,/tmp/claude-1000/-home-edabk-hoangbpm/c22de1cf-7989-4e68-989d-f720938175c6/scratchpad/interp.pt,/media/edabk/500GB Hard Disk/data_diar/voxconverse/vox_sel.json,0.5427302370942557,0.4886490380618501,0.46740620579287445,0.8891108469200507,,0.6957380205902405,0.9413477404688201,0.4449365667793155,0.08889862053864682,,116,1894252,,,,,,
results/interp/a0.50_s3456__voxsel.json,perrec_25hz,/tmp/claude-1000/-home-edabk-hoangbpm/c22de1cf-7989-4e68-989d-f720938175c6/scratchpad/interp.pt,/media/edabk/500GB Hard Disk/data_diar/voxconverse/vox_sel.json,0.550307742902695,0.4944609527257494,0.4793881019830029,0.8935115285611418,,0.7114223944879279,0.9432803982060347,0.45563391417096233,0.09089426474585487,,116,1894252,,,,,,
results/interp/a0.75_s1234__voxsel.json,perrec_25hz,/tmp/claude-1000/-home-edabk-hoangbpm/c22de1cf-7989-4e68-989d-f720938175c6/scratchpad/interp.pt,/media/edabk/500GB Hard Disk/data_diar/voxconverse/vox_sel.json,0.5569769865664916,0.49680924873244225,0.5033916193979644,0.8960946062086776,,0.707386544047605,0.9441449501174827,0.47741469628539707,0.09896175581548167,,116,1894252,,,,,,
results/interp/a0.75_s2345__voxsel.json,perrec_25hz,/tmp/claude-1000/-home-edabk-hoangbpm/c22de1cf-7989-4e68-989d-f720938175c6/scratchpad/interp.pt,/media/edabk/500GB Hard Disk/data_diar/voxconverse/vox_sel.json,0.5435525654554391,0.4873925473986691,0.47498323197366715,0.8899692332382386,,0.6896331582987122,0.9416694160755438,0.45313496017477306,0.08977272727272728,,116,1894252,,,,,,
results/interp/a0.75_s3456__voxsel.json,perrec_25hz,/tmp/claude-1000/-home-edabk-hoangbpm/c22de1cf-7989-4e68-989d-f720938175c6/scratchpad/interp.pt,/media/edabk/500GB Hard Disk/data_diar/voxconverse/vox_sel.json,0.5558439277035243,0.49766397042369,0.4934753280244511,0.8968775009871971,,0.7152328686917648,0.944703735571112,0.4701935142989234,0.09324559225229699,,116,1894252,,,,,,
results/lora_diag_head_only_800_step100_composite_dev.json,composite_dev,logs/wavlm_lora_head_only_800/step100.pt,,0.6110180495695161,,,,,,,,,,,,,,,,"{""ami_dev"": {""macro_f1"": 0.712016263864391, ""n_recordings"": 1735, ""f1_per_class"": [0.8470309254105749, 0.9224948812761666, 0.6879440523832635, 0.39059519638755885]}, ""dipco_dev"": {""macro_f1"": 0.49585566502765593, ""n_recordings"": 329, ""f1_per_class"": [0.585378990325855, 0.7737757036791134, 0.4383744981141258, 0.1858934679915296]}, ""vox_sel"": {""macro_f1"": 0.6251822198165015, ""n_recordings"": 2565, ""f1_per_class"": [0.7883084074871104, 0.9605580436150549, 0.582854937527136, 0.16900749063670414]}}",
results/lora_diag_head_only_800_step200_composite_dev.json,composite_dev,logs/wavlm_lora_head_only_800/step200.pt,,0.609052482267463,,,,,,,,,,,,,,,,"{""ami_dev"": {""macro_f1"": 0.7132445907491275, ""n_recordings"": 1735, ""f1_per_class"": [0.8468742100606674, 0.9222865925882263, 0.6782296366188025, 0.4055879237288135]}, ""dipco_dev"": {""macro_f1"": 0.4984997692186559, ""n_recordings"": 329, ""f1_per_class"": [0.5828631307431887, 0.7682433466016163, 0.43770059488521373, 0.20519200464460477]}, ""vox_sel"": {""macro_f1"": 0.6154130868346054, ""n_recordings"": 2565, ""f1_per_class"": [0.7896930237226047, 0.9609207564381103, 0.5634487046632125, 0.14758986251449396]}}",
results/lora_diag_head_only_800_step400_composite_dev.json,composite_dev,logs/wavlm_lora_head_only_800/step400.pt,,0.6055863776438972,,,,,,,,,,,,,,,,"{""ami_dev"": {""macro_f1"": 0.7107186508091263, ""n_recordings"": 1735, ""f1_per_class"": [0.852707526391737, 0.9221325828889001, 0.6704590288010177, 0.3975754651548506]}, ""dipco_dev"": {""macro_f1"": 0.4899927942134311, ""n_recordings"": 329, ""f1_per_class"": [0.5843712334270792, 0.758082718586695, 0.41789600447292585, 0.19962122036702437]}, ""vox_sel"": {""macro_f1"": 0.6160476879091342, ""n_recordings"": 2565, ""f1_per_class"": [0.7933708752018498, 0.9613559738385481, 0.5690769505445458, 0.1403869520515936]}}",
results/lora_diag_head_only_800_step800_composite_dev.json,composite_dev,logs/wavlm_lora_head_only_800/step800.pt,,0.6053967963113821,,,,,,,,,,,,,,,,"{""ami_dev"": {""macro_f1"": 0.7133626803746954, ""n_recordings"": 1735, ""f1_per_class"": [0.8494911107862972, 0.922976873869659, 0.6715712866907585, 0.4094114501520671]}, ""dipco_dev"": {""macro_f1"": 0.4907850633295314, ""n_recordings"": 329, ""f1_per_class"": [0.5678528926254367, 0.7773328972728225, 0.41764590890332104, 0.20030855451654545]}, ""vox_sel"": {""macro_f1"": 0.6120426452299194, ""n_recordings"": 2565, ""f1_per_class"": [0.7755794234030525, 0.9605411162368126, 0.5568019259621089, 0.15524811531770358]}}",
results/lora_diag_lora_qv_all24_r8_800_step100_composite_dev.json,composite_dev,logs/wavlm_lora_qv_all24_r8_800/step100.pt,,0.6110487065513083,,,,,,,,,,,,,,,,"{""ami_dev"": {""macro_f1"": 0.7123068888877272, ""n_recordings"": 1735, ""f1_per_class"": [0.84682696159677, 0.9225309908806081, 0.6883019347763026, 0.39156766829722806]}, ""dipco_dev"": {""macro_f1"": 0.4961631821938972, ""n_recordings"": 329, ""f1_per_class"": [0.5859290638757372, 0.7732877478312271, 0.4386889291168172, 0.18674698795180722]}, ""vox_sel"": {""macro_f1"": 0.6246760485723006, ""n_recordings"": 2565, ""f1_per_class"": [0.7881156691589981, 0.9605413591681741, 0.5825356452247032, 0.16751152073732717]}}",
results/lora_diag_lora_qv_all24_r8_800_step200_composite_dev.json,composite_dev,logs/wavlm_lora_qv_all24_r8_800/step200.pt,,0.6111267039903271,,,,,,,,,,,,,,,,"{""ami_dev"": {""macro_f1"": 0.7156808260245205, ""n_recordings"": 1735, ""f1_per_class"": [0.8474877073155308, 0.922883652343305, 0.6849263062984683, 0.40742563814077776]}, ""dipco_dev"": {""macro_f1"": 0.5024838318791286, ""n_recordings"": 329, ""f1_per_class"": [0.591348748391382, 0.7671363370926543, 0.44281225529552865, 0.2086379867369495]}, ""vox_sel"": {""macro_f1"": 0.6152154540673321, ""n_recordings"": 2565, ""f1_per_class"": [0.7904257410272824, 0.9615523010606345, 0.5631074559913003, 0.1457763181901113]}}",
results/lora_diag_lora_qv_all24_r8_800_step400_composite_dev.json,composite_dev,logs/wavlm_lora_qv_all24_r8_800/step400.pt,,0.6059195079904556,,,,,,,,,,,,,,,,"{""ami_dev"": {""macro_f1"": 0.7099723111404592, ""n_recordings"": 1735, ""f1_per_class"": [0.8555175096691261, 0.9224627176802764, 0.6670768043040326, 0.3948322129084018]}, ""dipco_dev"": {""macro_f1"": 0.4917662342041199, ""n_recordings"": 329, ""f1_per_class"": [0.583969465648855, 0.7580712285713336, 0.41619207869531455, 0.20883216390097648]}, ""vox_sel"": {""macro_f1"": 0.6160199786267877, ""n_recordings"": 2565, ""f1_per_class"": [0.7935119873573852, 0.9612413584519657, 0.5699969123549911, 0.13932965634280867]}}",
results/lora_diag_lora_qv_all24_r8_800_step800_composite_dev.json,composite_dev,logs/wavlm_lora_qv_all24_r8_800/step800.pt,,0.609540099919159,,,,,,,,,,,,,,,,"{""ami_dev"": {""macro_f1"": 0.7193851075407628, ""n_recordings"": 1735, ""f1_per_class"": [0.8532738495856008, 0.9244239420451292, 0.682490307272705, 0.41735233125961596]}, ""dipco_dev"": {""macro_f1"": 0.49681150113806616, ""n_recordings"": 329, ""f1_per_class"": [0.563838253685527, 0.782195909853996, 0.43249440292453945, 0.20871743808820226]}, ""vox_sel"": {""macro_f1"": 0.612423691078648, ""n_recordings"": 2565, ""f1_per_class"": [0.7820398786258494, 0.9606206699357649, 0.5549104656461493, 0.1521237501068285]}}",
results/oracle_causal_s1234_voxsel.json,perrec_25hz,logs/oracle_causal_s1234/step400.pt,/media/edabk/500GB Hard Disk/data_diar/voxconverse/vox_sel.json,0.5771030846239891,0.509293065085291,0.5404021725730779,0.9100647643502554,,0.7363286130035527,0.9510835311438587,0.5152504579119217,0.10574973643662315,,116,1894252,,,,,,
results/oracle_causal_s2345_voxsel.json,perrec_25hz,logs/oracle_causal_s2345/step400.pt,/media/edabk/500GB Hard Disk/data_diar/voxconverse/vox_sel.json,0.5374528410673817,0.4849727984996104,0.46676117459858235,0.8953919541856099,,0.6750341696447146,0.9465845641906132,0.45218312924655074,0.07600950118764845,,116,1894252,,,,,,
results/oracle_causal_s3456_voxsel.json,perrec_25hz,logs/oracle_causal_s3456/step400.pt,/media/edabk/500GB Hard Disk/data_diar/voxconverse/vox_sel.json,0.5668651925277772,0.5048121025626031,0.5026416321222466,0.9053230509984944,,0.7418910383811584,0.9490538121245526,0.48193438491046825,0.09458153469492946,,116,1894252,,,,,,
results/oracle_fullnc_s1234_voxsel.json,perrec_25hz,logs/oracle_fullnc_s1234/step400.pt,/media/edabk/500GB Hard Disk/data_diar/voxconverse/vox_sel.json,0.5930383335176803,0.5138509704050717,0.5754476099100913,0.9156537778500432,,0.7499760031277874,0.9535379686973546,0.5484241119663632,0.12021525027921617,,116,1894252,,,,,,
results/oracle_fullnc_s2345_voxsel.json,perrec_25hz,logs/oracle_fullnc_s2345/step400.pt,/media/edabk/500GB Hard Disk/data_diar/voxconverse/vox_sel.json,0.5682815395275904,0.5035412919864944,0.5264637494581138,0.908599806150396,,0.7291824886397182,0.9511867727639037,0.5054159928122192,0.08734090389452023,,116,1894252,,,,,,
results/oracle_fullnc_s3456_voxsel.json,perrec_25hz,logs/oracle_fullnc_s3456/step400.pt,/media/edabk/500GB Hard Disk/data_diar/voxconverse/vox_sel.json,0.5808040253546075,0.5128004625339994,0.5383390185047202,0.9139760707656637,,0.7579651863076505,0.953481972186322,0.5191412001562546,0.09262774276820288,,116,1894252,,,,,,
results/oracle_headnc_s1234_voxsel.json,perrec_25hz,logs/oracle_headnc_s1234/step400.pt,/media/edabk/500GB Hard Disk/data_diar/voxconverse/vox_sel.json,0.5689383122859047,0.5063246841771575,0.5240429879558405,0.9081278520492522,,0.7305157018769362,0.9507951038181065,0.5019139921868245,0.09252845126175159,,116,1894252,,,,,,
results/oracle_headnc_s2345_voxsel.json,perrec_25hz,logs/oracle_headnc_s2345/step400.pt,/media/edabk/500GB Hard Disk/data_diar/voxconverse/vox_sel.json,0.5348185517621794,0.484081045772431,0.4600812994146213,0.8943625240992222,,0.6727140010442973,0.9462203373868958,0.4468030723222615,0.07353679629526307,,116,1894252,,,,,,
results/oracle_headnc_s3456_voxsel.json,perrec_25hz,logs/oracle_headnc_s3456/step400.pt,/media/edabk/500GB Hard Disk/data_diar/voxconverse/vox_sel.json,0.5612475215363167,0.5045483267930748,0.49189998129325935,0.9048025289137877,,0.7390317142815018,0.9493304954569557,0.47524933277145665,0.08137854363535298,,116,1894252,,,,,,
results/p2_ctrl_s1234_voxsel.json,perrec_25hz,logs/p2_ctrl_s1234/step400.pt,/media/edabk/500GB Hard Disk/data_diar/voxconverse/vox_sel.json,0.5619560806432823,0.49838881128257256,0.5187985221060645,0.8980943401405937,,0.7072209011829154,0.9447148859038031,0.49172990575105074,0.10415862973535991,,116,1894252,,,,,,
results/p2_ctrl_s2345_voxsel.json,perrec_25hz,logs/p2_ctrl_s2345/step400.pt,/media/edabk/500GB Hard Disk/data_diar/voxconverse/vox_sel.json,0.5426394550277883,0.485297841612301,0.48054720768597053,0.8902838693056678,,0.6815475900977579,0.9418499942900255,0.4589013038902438,0.08825893183312633,,116,1894252,,,,,,
results/p2_ctrl_s3456_voxsel.json,perrec_25hz,logs/p2_ctrl_s3456/step400.pt,/media/edabk/500GB Hard Disk/data_diar/voxconverse/vox_sel.json,0.5606184994499197,0.5003245626642492,0.5059592850111913,0.8997298141957881,,0.7185963609711058,0.9458489402368436,0.4832663161150633,0.09476238047666619,,116,1894252,,,,,,
results/p2_kd_s1234_voxsel.json,perrec_25hz,logs/p2_kd_s1234/step400.pt,/media/edabk/500GB Hard Disk/data_diar/voxconverse/vox_sel.json,0.5667773931482594,0.500522076243265,0.5292745159573742,0.9009155064901607,,0.7095947416370173,0.9460682040237889,0.5034705467503061,0.10797608018192538,,116,1894252,,,,,,
results/p2_kd_s2345_voxsel.json,perrec_25hz,logs/p2_kd_s2345/step400.pt,/media/edabk/500GB Hard Disk/data_diar/voxconverse/vox_sel.json,0.5392372700237493,0.4831071998913866,0.4787203023128332,0.8902500828823198,,0.668354367361163,0.942466261271124,0.460356729327352,0.0857717221353585,,116,1894252,,,,,,
results/p2_kd_s3456_voxsel.json,perrec_25hz,logs/p2_kd_s3456/step400.pt,/media/edabk/500GB Hard Disk/data_diar/voxconverse/vox_sel.json,0.564405077554295,0.5024727975914101,0.5150361922884069,0.9016709497997099,,0.7193763760102695,0.9467653533842445,0.4930751420753525,0.09840343874731347,,116,1894252,,,,,,
results/p3_unc025_s1234_voxsel.json,perrec_25hz,logs/p3_unc025_s1234/step400.pt,/media/edabk/500GB Hard Disk/data_diar/voxconverse/vox_sel.json,0.5620924430478261,0.4976452244440711,0.5193426009792725,0.8964810384257216,,0.7010244163316489,0.9434663049309597,0.4938231354232375,0.1100559155054584,,116,1894252,,,,,,
results/p3_unc025_s2345_voxsel.json,perrec_25hz,logs/p3_unc025_s2345/step400.pt,/media/edabk/500GB Hard Disk/data_diar/voxconverse/vox_sel.json,0.5374842579154363,0.48121696501339517,0.47466152878807977,0.8866180423723982,,0.6644693025313441,0.9399213234245254,0.4551724995801795,0.0903739061256961,,116,1894252,,,,,,
results/p3_unc025_s3456_voxsel.json,perrec_25hz,logs/p3_unc025_s3456/step400.pt,/media/edabk/500GB Hard Disk/data_diar/voxconverse/vox_sel.json,0.5617565708096484,0.5003663798215585,0.5097904892390249,0.8984269252454267,,0.7145335045988542,0.9445915593265513,0.48746273168184884,0.10043848763133945,,116,1894252,,,,,,
results/p3_unc100_s1234_voxsel.json,perrec_25hz,logs/p3_unc100_s1234/step400.pt,/media/edabk/500GB Hard Disk/data_diar/voxconverse/vox_sel.json,0.5568920390828599,0.493519286868905,0.5060862129671545,0.891255228976926,,0.6884658763954424,0.9403512857252849,0.4828620624714142,0.11588893173929812,,116,1894252,,,,,,
results/p3_unc100_s2345_voxsel.json,perrec_25hz,logs/p3_unc100_s2345/step400.pt,/media/edabk/500GB Hard Disk/data_diar/voxconverse/vox_sel.json,0.5400431975133676,0.4820076164905722,0.4764897888442763,0.883305917058554,,0.6609928875635804,0.9369935252613715,0.4562419043959517,0.10594447283256686,,116,1894252,,,,,,
results/p3_unc100_s3456_voxsel.json,perrec_25hz,logs/p3_unc100_s3456/step400.pt,/media/edabk/500GB Hard Disk/data_diar/voxconverse/vox_sel.json,0.5574856157323477,0.49658357300925443,0.49657086272448325,0.8928669469532037,,0.7064836838255254,0.9410378837082751,0.47503949447077415,0.1073814009248159,,116,1894252,,,,,,
results/p4_smooth_s1234_voxsel.json,perrec_25hz,logs/p4_smooth_s1234/step400.pt,/media/edabk/500GB Hard Disk/data_diar/voxconverse/vox_sel.json,0.5631048919136993,0.49922201997370574,0.5213424309742939,0.8993660822319312,,0.7091015449297452,0.9454191245801742,0.4946875225257694,0.10321137561910847,,116,1894252,,,,,,
results/p4_smooth_s2345_voxsel.json,perrec_25hz,logs/p4_smooth_s2345/step400.pt,/media/edabk/500GB Hard Disk/data_diar/voxconverse/vox_sel.json,0.5439165518118697,0.4865297167409739,0.4824419138633603,0.8914489729983128,,0.6848010181604581,0.9424753615688792,0.4604248384590605,0.08796498905908097,,116,1894252,,,,,,
results/p4_smooth_s3456_voxsel.json,perrec_25hz,logs/p4_smooth_s3456/step400.pt,/media/edabk/500GB Hard Disk/data_diar/voxconverse/vox_sel.json,0.5601309621224033,0.5004592570229713,0.5045170603021328,0.8998427875488584,,0.7188153886346914,0.9460104037827634,0.4817430585409459,0.09395499753121252,,116,1894252,,,,,,
results/p5_deform_s1234_voxsel.json,perrec_25hz,logs/p5_deform_s1234/step3000.pt,/media/edabk/500GB Hard Disk/data_diar/voxconverse/vox_sel.json,0.5548080968947097,0.4994459813403771,0.4927427887204374,0.9025958531388643,,0.7163481074666753,0.9482445134465304,0.48249727563539213,0.0721424910302409,,116,1894252,,,,,,
results/p5_deform_s2345_voxsel.json,perrec_25hz,logs/p5_deform_s2345/step3000.pt,/media/edabk/500GB Hard Disk/data_diar/voxconverse/vox_sel.json,0.5616134905753454,0.502438496468029,0.4997885455780395,0.9058699687264419,,0.7243293035138567,0.9498894104100843,0.48235615173079743,0.08987909664664284,,116,1894252,,,,,,
results/p5_deform_s3456_voxsel.json,perrec_25hz,logs/p5_deform_s3456/step3000.pt,/media/edabk/500GB Hard Disk/data_diar/voxconverse/vox_sel.json,0.5618337234140129,0.5023931490968366,0.4984264080269281,0.9037572614414555,,0.7309111186326768,0.9479570861479567,0.4796622416162532,0.08880444725916543,,116,1894252,,,,,,
results/p5_tcn192_s1234_voxsel.json,perrec_25hz,logs/p5_tcn192_s1234/step3000.pt,/media/edabk/500GB Hard Disk/data_diar/voxconverse/vox_sel.json,0.5619837029722944,0.5026658226832549,0.5084583486974467,0.9050263639684688,,0.7233634085337042,0.9493181129970022,0.49165842587915576,0.08359486447931527,,116,1894252,,,,,,
results/p5_tcn192_s2345_voxsel.json,perrec_25hz,logs/p5_tcn192_s2345/step3000.pt,/media/edabk/500GB Hard Disk/data_diar/voxconverse/vox_sel.json,0.5659394108419737,0.5041121521457727,0.5156026949503035,0.9073592109180827,,0.72615083251714,0.950361127809989,0.4931998337332001,0.09404584930756592,,116,1894252,,,,,,
results/p5_tcn192_s3456_voxsel.json,perrec_25hz,logs/p5_tcn192_s3456/step3000.pt,/media/edabk/500GB Hard Disk/data_diar/voxconverse/vox_sel.json,0.5654964319928182,0.5042321459989709,0.5065100114119722,0.905389568019461,,0.7349583701703083,0.9489132229199431,0.4894621311028536,0.08865200377816759,,116,1894252,,,,,,
results/p5_tcn256_s1234_voxsel.json,perrec_25hz,logs/p5_tcn256_s1234/step3000.pt,/media/edabk/500GB Hard Disk/data_diar/voxconverse/vox_sel.json,0.567040185836766,0.5048072150536007,0.5203160729024314,0.9067119897458206,,0.7275621784137062,0.9498202835144846,0.5036074604077478,0.0871708210111252,,116,1894252,,,,,,
results/p5c_deform_s1234_voxsel.json,perrec_25hz,logs/p5c_deform_s1234/step3000.pt,/media/edabk/500GB Hard Disk/data_diar/voxconverse/vox_sel.json,0.5544004295164785,0.4995482361618959,0.49152231518900075,0.9026380861680494,,0.7166264543188561,0.9483439714094093,0.4812846239722517,0.07134666836539687,,116,1894252,,,,,,
results/p5c_deform_s2345_voxsel.json,perrec_25hz,logs/p5c_deform_s2345/step3000.pt,/media/edabk/500GB Hard Disk/data_diar/voxconverse/vox_sel.json,0.5617581321919943,0.5027307252272252,0.5010059715499676,0.9061191435986342,,0.7246763815772742,0.9500293697948868,0.48385533367516803,0.08847144372064839,,116,1894252,,,,,,
results/p5c_deform_s3456_voxsel.json,perrec_25hz,logs/p5c_deform_s3456/step3000.pt,/media/edabk/500GB Hard Disk/data_diar/voxconverse/vox_sel.json,0.5620585443383983,0.5022396750073239,0.4988320388162087,0.9038760418360388,,0.7316142471940736,0.9480275675945763,0.4794743624237104,0.08911800014123297,,116,1894252,,,,,,
results/p5c_tcn192_s1234_voxsel.json,perrec_25hz,logs/p5c_tcn192_s1234/step3000.pt,/media/edabk/500GB Hard Disk/data_diar/voxconverse/vox_sel.json,0.5615983933898082,0.5025669751086134,0.5075056841670111,0.9050253081427392,,0.7228072439561312,0.9493725777750678,0.49111008424270425,0.08310366758532967,,116,1894252,,,,,,
results/p5c_tcn192_s2345_voxsel.json,perrec_25hz,logs/p5c_tcn192_s2345/step3000.pt,/media/edabk/500GB Hard Disk/data_diar/voxconverse/vox_sel.json,0.5660119459481658,0.504157856028549,0.515175958455272,0.9074003881215382,,0.7258947898313618,0.9504007315815731,0.49271646661228297,0.09503579576744552,,116,1894252,,,,,,
results/p5c_tcn192_s3456_voxsel.json,perrec_25hz,logs/p5c_tcn192_s3456/step3000.pt,/media/edabk/500GB Hard Disk/data_diar/voxconverse/vox_sel.json,0.5652737860215818,0.5041969388205186,0.5062243887281273,0.9053821772393535,,0.7345171090813485,0.9489450881174464,0.48949235123419194,0.08814059565334048,,116,1894252,,,,,,
results/p5c_tcn256_s1234_voxsel.json,perrec_25hz,logs/p5c_tcn256_s1234/step3000.pt,/media/edabk/500GB Hard Disk/data_diar/voxconverse/vox_sel.json,0.5670589193555118,0.504943079855937,0.5195287445565946,0.9067943441527315,,0.7280083745161526,0.9498823235805833,0.5026492932730339,0.0876956860522774,,116,1894252,,,,,,
results/p6c_deformft_s1234_voxsel.json,perrec_25hz,logs/p6c_deformft_s1234/step400.pt,/media/edabk/500GB Hard Disk/data_diar/voxconverse/vox_sel.json,0.572675643142695,0.5064841580392898,0.5300648738246978,0.9085570452083461,,0.7330050860038235,0.9502992215316886,0.5099147012175395,0.09748356381772841,,116,1894252,,,,,,
results/p6c_deformft_s2345_voxsel.json,perrec_25hz,logs/p6c_deformft_s2345/step400.pt,/media/edabk/500GB Hard Disk/data_diar/voxconverse/vox_sel.json,0.5354741778459686,0.4837465575358114,0.4617690468290562,0.8943081490741465,,0.6731380199444411,0.9460598111876863,0.44978514043719253,0.07291373981455465,,116,1894252,,,,,,
results/p6c_deformft_s3456_voxsel.json,perrec_25hz,logs/p6c_deformft_s3456/step400.pt,/media/edabk/500GB Hard Disk/data_diar/voxconverse/vox_sel.json,0.5674096689766507,0.5047924094776457,0.5092931670403219,0.9069421597548795,,0.7391243912609828,0.9495576093485671,0.4879111117478921,0.09304556354916067,,116,1894252,,,,,,
results/p6c_tcnft_s1234_voxsel.json,perrec_25hz,logs/p6c_tcnft_s1234/step400.pt,/media/edabk/500GB Hard Disk/data_diar/voxconverse/vox_sel.json,0.5773875013774152,0.5090129249010176,0.5403886371558034,0.9100536781800943,,0.7369436956532074,0.9510376413959383,0.5137686358925297,0.10780003256798565,,116,1894252,,,,,,
results/p6c_tcnft_s2345_voxsel.json,perrec_25hz,logs/p6c_tcnft_s2345/step400.pt,/media/edabk/500GB Hard Disk/data_diar/voxconverse/vox_sel.json,0.5373567395339951,0.4849732482847785,0.46614073110822135,0.8953101276915637,,0.6753320608174818,0.9465307477251894,0.4516499174095603,0.07591423218374853,,116,1894252,,,,,,
results/p6c_tcnft_s3456_voxsel.json,perrec_25hz,logs/p6c_tcnft_s3456/step400.pt,/media/edabk/500GB Hard Disk/data_diar/voxconverse/vox_sel.json,0.5674632847712698,0.505124542954658,0.5036206552137434,0.9053320255171963,,0.7425960786796777,0.9490139650090049,0.4824702654512534,0.09577282994514359,,116,1894252,,,,,,
results/p7_c0_s1234_step200_voxsel.json,perrec_25hz,logs/p7_c0_s1234/step200.pt,/media/edabk/500GB Hard Disk/data_diar/voxconverse/vox_sel.json,0.5481093529842225,0.49422142656774215,0.4765827896140417,0.898136045256914,,0.7084104656536694,0.9468770234164325,0.4581060981655925,0.07904382470119521,,116,1894252,,,,,,
results/p7_c0_s1234_step400_voxsel.json,perrec_25hz,logs/p7_c0_s1234/step400.pt,/media/edabk/500GB Hard Disk/data_diar/voxconverse/vox_sel.json,0.5765813658809953,0.508966863441675,0.5388291603704695,0.9100579014830128,,0.7365635111194828,0.9511389460299852,0.5134943915798176,0.10512861479469562,,116,1894252,,,,,,
results/p7_c0_s1234_step800_voxsel.json,perrec_25hz,logs/p7_c0_s1234/step800.pt,/media/edabk/500GB Hard Disk/data_diar/voxconverse/vox_sel.json,0.5663941203633208,0.5052264706975084,0.5142418845308823,0.9060832455238268,,0.7277567952448765,0.9496618111373131,0.49275259343470235,0.09540528163639139,,116,1894252,,,,,,
results/p7_c0_s2345_step200_voxsel.json,perrec_25hz,logs/p7_c0_s2345/step200.pt,/media/edabk/500GB Hard Disk/data_diar/voxconverse/vox_sel.json,0.5704746563315088,0.5075189258013595,0.5270127299409576,0.908582912938722,,0.7308807387317324,0.9507797585732339,0.5050150226460783,0.09522310537499017,,116,1894252,,,,,,
results/p7_c0_s2345_step400_voxsel.json,perrec_25hz,logs/p7_c0_s2345/step400.pt,/media/edabk/500GB Hard Disk/data_diar/voxconverse/vox_sel.json,0.5395605666869607,0.48613593035390446,0.47061788598825416,0.8962693453669311,,0.6780682995946106,0.9468177429694681,0.45544162779865627,0.07791459638510836,,116,1894252,,,,,,
results/p7_c0_s2345_step800_voxsel.json,perrec_25hz,logs/p7_c0_s2345/step800.pt,/media/edabk/500GB Hard Disk/data_diar/voxconverse/vox_sel.json,0.5743574924060366,0.5073057419479837,0.5258820364428523,0.9083928643073889,,0.7341394724182169,0.9506181192012226,0.5003867308353386,0.1122856471693681,,116,1894252,,,,,,
results/p7_c0_s3456_step200_voxsel.json,perrec_25hz,logs/p7_c0_s3456/step200.pt,/media/edabk/500GB Hard Disk/data_diar/voxconverse/vox_sel.json,0.5612613515058659,0.5014439976593369,0.4998940453485909,0.9044720554604139,,0.725763950707458,0.9490336169145567,0.48133770455823643,0.08891013384321224,,116,1894252,,,,,,
results/p7_c0_s3456_step400_voxsel.json,perrec_25hz,logs/p7_c0_s3456/step400.pt,/media/edabk/500GB Hard Disk/data_diar/voxconverse/vox_sel.json,0.5672088882039622,0.5048657290684573,0.5034738304770727,0.9053816493264888,,0.7424356362875298,0.9490343029201967,0.48300531712085176,0.09436029648727039,,116,1894252,,,,,,
results/p7_c0_s3456_step800_voxsel.json,perrec_25hz,logs/p7_c0_s3456/step800.pt,/media/edabk/500GB Hard Disk/data_diar/voxconverse/vox_sel.json,0.5686100750734411,0.5051949331278051,0.5129991292449309,0.9071374875148608,,0.735577682946104,0.9499036626754385,0.4927571655535826,0.09620178911863911,,116,1894252,,,,,,
results/p7_c1_s1234_step200_voxsel.json,perrec_25hz,logs/p7_c1_s1234/step200.pt,/media/edabk/500GB Hard Disk/data_diar/voxconverse/vox_sel.json,0.5473819455718811,0.49356179165926506,0.47522521227730286,0.8975215546822704,,0.7066293011414962,0.9465678396151438,0.45624927543699206,0.0800813660938922,,116,1894252,,,,,,
results/p7_c1_s1234_step400_voxsel.json,perrec_25hz,logs/p7_c1_s1234/step400.pt,/media/edabk/500GB Hard Disk/data_diar/voxconverse/vox_sel.json,0.5745450584930374,0.506642578015742,0.5344060617670221,0.9090786231187825,,0.7318305677320456,0.9507013378635866,0.5083328809510884,0.1073154474254291,,116,1894252,,,,,,
results/p7_c1_s1234_step800_voxsel.json,perrec_25hz,logs/p7_c1_s1234/step800.pt,/media/edabk/500GB Hard Disk/data_diar/voxconverse/vox_sel.json,0.565422864452859,0.5039286544403936,0.5089813863559501,0.9048584876774579,,0.7246381140858569,0.9491089373748481,0.48668053458747573,0.10126387176325524,,116,1894252,,,,,,
results/p7_c1_s2345_step200_voxsel.json,perrec_25hz,logs/p7_c1_s2345/step200.pt,/media/edabk/500GB Hard Disk/data_diar/voxconverse/vox_sel.json,0.570004871114804,0.5070696879875355,0.5261992268969218,0.9084007830003611,,0.729919182737907,0.9506967684564619,0.5041958145821266,0.09520771868272068,,116,1894252,,,,,,
results/p7_c1_s2345_step400_voxsel.json,perrec_25hz,logs/p7_c1_s2345/step400.pt,/media/edabk/500GB Hard Disk/data_diar/voxconverse/vox_sel.json,0.5387166231375591,0.483770704380503,0.4713396582670925,0.8950435316948325,,0.6721129479271871,0.9459691773978292,0.45495282572935775,0.08183154149586203,,116,1894252,,,,,,
results/p7_c1_s2345_step800_voxsel.json,perrec_25hz,logs/p7_c1_s2345/step800.pt,/media/edabk/500GB Hard Disk/data_diar/voxconverse/vox_sel.json,0.5738537857579721,0.5066542018579083,0.524191250744645,0.9074156975946178,,0.7323484901632609,0.9500301704631167,0.4985967930728116,0.11443968933269932,,116,1894252,,,,,,
results/p7_c1_s3456_step200_voxsel.json,perrec_25hz,logs/p7_c1_s3456/step200.pt,/media/edabk/500GB Hard Disk/data_diar/voxconverse/vox_sel.json,0.5604804815099688,0.5008090147865092,0.49864659791260185,0.9041072676708273,,0.724739260800236,0.9488405460983039,0.47993361086169845,0.08840850827963695,,116,1894252,,,,,,
results/p7_c1_s3456_step400_voxsel.json,perrec_25hz,logs/p7_c1_s3456/step400.pt,/media/edabk/500GB Hard Disk/data_diar/voxconverse/vox_sel.json,0.5666385141357844,0.503270901665694,0.5001536891544637,0.9041289120982847,,0.7401267936559163,0.9482661019694251,0.47673109464643265,0.1014300662713638,,116,1894252,,,,,,
results/p7_c1_s3456_step800_voxsel.json,perrec_25hz,logs/p7_c1_s3456/step800.pt,/media/edabk/500GB Hard Disk/data_diar/voxconverse/vox_sel.json,0.568742310146163,0.5044625645901444,0.5127005173803396,0.9067262433931705,,0.7346407231499924,0.9496615766423177,0.49130135186013973,0.09936558893220208,,116,1894252,,,,,,
results/p7_c2_s1234_step200_voxsel.json,perrec_25hz,logs/p7_c2_s1234/step200.pt,/media/edabk/500GB Hard Disk/data_diar/voxconverse/vox_sel.json,0.5186279061703062,0.47074279579052003,0.4356884324515199,0.8866676661816907,,0.6435690106594466,0.9417079498424856,0.4147539705232513,0.07448069365604142,,116,1894252,,,,,,
results/p7_c2_s1234_step400_voxsel.json,perrec_25hz,logs/p7_c2_s1234/step400.pt,/media/edabk/500GB Hard Disk/data_diar/voxconverse/vox_sel.json,0.5435039704580861,0.4822475643789606,0.49082714319701815,0.8965237993677716,,0.6768345574837421,0.9444968945629447,0.46219120845986517,0.09049322132579224,,116,1894252,,,,,,
results/p7_c2_s1234_step800_voxsel.json,perrec_25hz,logs/p7_c2_s1234/step800.pt,/media/edabk/500GB Hard Disk/data_diar/voxconverse/vox_sel.json,0.552616809255692,0.4950805730785029,0.48945925680077684,0.9015944024343118,,0.703686055253767,0.9478253748244334,0.46553222542873257,0.09342358151583523,,116,1894252,,,,,,
results/p7_c2_s2345_step200_voxsel.json,perrec_25hz,logs/p7_c2_s2345/step200.pt,/media/edabk/500GB Hard Disk/data_diar/voxconverse/vox_sel.json,0.5518868808257895,0.4914493056558175,0.48324912090168,0.8995893893737475,,0.7043777985375125,0.946130692672525,0.4525220522052205,0.10451697988789979,,116,1894252,,,,,,
results/p7_c2_s2345_step400_voxsel.json,perrec_25hz,logs/p7_c2_s2345/step400.pt,/media/edabk/500GB Hard Disk/data_diar/voxconverse/vox_sel.json,0.5168038450392427,0.46402448918580996,0.46150689615866863,0.886104383154934,,0.605335095589798,0.9413805284833211,0.4387437908578821,0.08175596522596953,,116,1894252,,,,,,
results/p7_c2_s2345_step800_voxsel.json,perrec_25hz,logs/p7_c2_s2345/step800.pt,/media/edabk/500GB Hard Disk/data_diar/voxconverse/vox_sel.json,0.5660882983193493,0.49900804266332827,0.5213073416739404,0.9060114493742121,,0.7073727508641203,0.9496061597069363,0.49215355661123195,0.11522072609510824,,116,1894252,,,,,,
results/p7_c2_s3456_step200_voxsel.json,perrec_25hz,logs/p7_c2_s3456/step200.pt,/media/edabk/500GB Hard Disk/data_diar/voxconverse/vox_sel.json,0.539031030101709,0.48580979243769484,0.4565400383942251,0.895224077894599,,0.699435433967165,0.9441288593994337,0.4329386934010486,0.07962113363918899,,116,1894252,,,,,,
results/p7_c2_s3456_step400_voxsel.json,perrec_25hz,logs/p7_c2_s3456/step400.pt,/media/edabk/500GB Hard Disk/data_diar/voxconverse/vox_sel.json,0.5406520201738045,0.4868646461127061,0.46227131985164854,0.8936735978106398,,0.6965806349521385,0.9433167897326568,0.43200613809454935,0.09070451791587328,,116,1894252,,,,,,
results/p7_c2_s3456_step800_voxsel.json,perrec_25hz,logs/p7_c2_s3456/step800.pt,/media/edabk/500GB Hard Disk/data_diar/voxconverse/vox_sel.json,0.5549774676129088,0.49637208537499355,0.4892832848927091,0.9019475761408725,,0.7135687562733827,0.947613628269851,0.46333274906629635,0.09539473684210527,,116,1894252,,,,,,
results/p8a0_pyr_s1234_voxsel.json,perrec_25hz,logs/p8a0_pyr_s1234/step3000.pt,/media/edabk/500GB Hard Disk/data_diar/voxconverse/vox_sel.json,0.5670749527403358,0.5061864695347282,0.5258169676893552,0.9061914676611137,,0.7321980749967335,0.9504377519734364,0.501966749638917,0.08369723435225618,,116,1894252,,,,,,
results/p8a0_pyr_s2345_voxsel.json,perrec_25hz,logs/p8a0_pyr_s2345/step3000.pt,/media/edabk/500GB Hard Disk/data_diar/voxconverse/vox_sel.json,0.5626344180532586,0.5016171739047818,0.524419882145354,0.904974628507717,,0.7168497347381007,0.9497733738791885,0.49738614348534704,0.08652842011039834,,116,1894252,,,,,,
results/p8a0_pyr_s3456_voxsel.json,perrec_25hz,logs/p8a0_pyr_s3456/step3000.pt,/media/edabk/500GB Hard Disk/data_diar/voxconverse/vox_sel.json,0.5648608285904414,0.5040420705120892,0.5229798522979852,0.9036743791216797,,0.7380507754507512,0.9484150484097158,0.49300527672107003,0.07997221378022835,,116,1894252,,,,,,
results/p8a0_pyr_s4567_voxsel.json,perrec_25hz,logs/p8a0_pyr_s4567/step3000.pt,/media/edabk/500GB Hard Disk/data_diar/voxconverse/vox_sel.json,0.5660674261556033,0.5033939261240541,0.52989258411019,0.9036242273995223,,0.7287809298679255,0.9485671184988368,0.49509384554726493,0.09182781070838596,,116,1894252,,,,,,
results/p8a0_pyr_s5678_voxsel.json,perrec_25hz,logs/p8a0_pyr_s5678/step3000.pt,/media/edabk/500GB Hard Disk/data_diar/voxconverse/vox_sel.json,0.5670325984188046,0.5053525529465124,0.5243221614618068,0.9039409751184109,,0.7369850805308195,0.9485221719361201,0.4917362611691876,0.09088688003909114,,116,1894252,,,,,,
results/p8a1_trt_s1234_voxsel.json,perrec_25hz,logs/p8a1_trt_s1234/step3000.pt,/media/edabk/500GB Hard Disk/data_diar/voxconverse/vox_sel.json,0.5672521173677118,0.5060301763277306,0.5254248383126914,0.9055933423852792,,0.72947915407855,0.9498868711572661,0.5018528958544745,0.08778954838055654,,116,1894252,,,,,,
results/p8a1_trt_s2345_voxsel.json,perrec_25hz,logs/p8a1_trt_s2345/step3000.pt,/media/edabk/500GB Hard Disk/data_diar/voxconverse/vox_sel.json,0.564826180710435,0.5048229850972465,0.5282571845568842,0.9049598469475022,,0.7248229273886161,0.9496190842774873,0.5002383889448074,0.08462432223082883,,116,1894252,,,,,,
results/p8a1_trt_s3456_voxsel.json,perrec_25hz,logs/p8a1_trt_s3456/step3000.pt,/media/edabk/500GB Hard Disk/data_diar/voxconverse/vox_sel.json,0.5653211646427311,0.5046623675786136,0.5243517467234579,0.903113735659247,,0.7311259645894744,0.9479592965207652,0.4952428757215542,0.08695652173913043,,116,1894252,,,,,,
results/p8a2_trt_s1234_voxsel.json,perrec_25hz,logs/p8a2_trt_s1234/step3000.pt,/media/edabk/500GB Hard Disk/data_diar/voxconverse/vox_sel.json,0.5536570701051705,0.49820162377136,0.4810911418816389,0.8980035391278457,,0.7222512825424424,0.945550350012342,0.45391598504169034,0.09291066282420749,,116,1894252,,,,,,
results/p8a2_trt_s2345_voxsel.json,perrec_25hz,logs/p8a2_trt_s2345/step3000.pt,/media/edabk/500GB Hard Disk/data_diar/voxconverse/vox_sel.json,0.55126531272551,0.4961013009605205,0.4750590782626917,0.8967793091943416,,0.7171463955416175,0.9450257042952012,0.4481329413136115,0.09475620975160995,,116,1894252,,,,,,
results/p8a2_trt_s3456_voxsel.json,perrec_25hz,logs/p8a2_trt_s3456/step3000.pt,/media/edabk/500GB Hard Disk/data_diar/voxconverse/vox_sel.json,0.5486896376902162,0.4959896210503619,0.46603653404308554,0.8938356670601377,,0.7220361460944986,0.9431672134262825,0.43796795543403266,0.09158723580605056,,116,1894252,,,,,,
results/p8a_average_s1234_voxsel.json,perrec_25hz,logs/p8a_average_s1234/step3000.pt,/media/edabk/500GB Hard Disk/data_diar/voxconverse/vox_sel.json,0.5615223590750584,0.5025376006231173,0.507472325914827,0.9050026078895522,,0.7226985033135596,0.9493589156289386,0.49108792677033286,0.08294409058740268,,116,1894252,,,,,,
results/p8a_average_s2345_voxsel.json,perrec_25hz,logs/p8a_average_s2345/step3000.pt,/media/edabk/500GB Hard Disk/data_diar/voxconverse/vox_sel.json,0.5659874682915462,0.5041505255163504,0.5151717150170648,0.9074003881215382,,0.725920929436519,0.9504031257828958,0.4926871194242928,0.09493869852247722,,116,1894252,,,,,,
results/p8a_average_s3456_voxsel.json,perrec_25hz,logs/p8a_average_s3456/step3000.pt,/media/edabk/500GB Hard Disk/data_diar/voxconverse/vox_sel.json,0.5651787106943196,0.5041299687102977,0.5060768045974037,0.9053716189820573,,0.7345476145265813,0.9489433495366721,0.4893457006768613,0.08787817803716375,,116,1894252,,,,,,
results/p8a_learned_s1234_voxsel.json,perrec_25hz,logs/p8a_learned_s1234/step3000.pt,/media/edabk/500GB Hard Disk/data_diar/voxconverse/vox_sel.json,0.561322899712256,0.5024333444361291,0.5054578028024825,0.9047001138180136,,0.7234739942093475,0.949225513826306,0.48862315931802347,0.08396893149534672,,116,1894252,,,,,,
results/p8a_learned_s2345_voxsel.json,perrec_25hz,logs/p8a_learned_s2345/step3000.pt,/media/edabk/500GB Hard Disk/data_diar/voxconverse/vox_sel.json,0.5647992986674382,0.503462347018017,0.5129097574209599,0.9070852241412442,,0.7256038915633148,0.9503162216670848,0.48999463869126103,0.09328244274809161,,116,1894252,,,,,,
results/p8a_learned_s3456_voxsel.json,perrec_25hz,logs/p8a_learned_s3456/step3000.pt,/media/edabk/500GB Hard Disk/data_diar/voxconverse/vox_sel.json,0.563394247301165,0.5036806587000558,0.4999682059238722,0.9044435481657139,,0.7345804335731226,0.9484993968532065,0.4832173153341037,0.087279843444227,,116,1894252,,,,,,
results/p8b_cum_s1234_voxsel.json,perrec_25hz,logs/p8b_cum_s1234/step3000.pt,/media/edabk/500GB Hard Disk/data_diar/voxconverse/vox_sel.json,0.5516097394412535,0.4980778176670098,0.49320017261574506,0.9007571326307166,,0.7131413393328362,0.9490635971955236,0.4760438258809595,0.0681901953556948,,116,1894252,,,,,,
results/p8b_cum_s2345_voxsel.json,perrec_25hz,logs/p8b_cum_s2345/step3000.pt,/media/edabk/500GB Hard Disk/data_diar/voxconverse/vox_sel.json,0.5535155215045237,0.4967849521176975,0.5104201892409805,0.903335459062469,,0.7013486487872417,0.949742138289254,0.4851899499356759,0.07778134900592315,,116,1894252,,,,,,
results/p8b_cum_s3456_voxsel.json,perrec_25hz,logs/p8b_cum_s3456/step3000.pt,/media/edabk/500GB Hard Disk/data_diar/voxconverse/vox_sel.json,0.5528954297068114,0.49623045145896394,0.5019165206001888,0.8988202203297132,,0.7201829077474229,0.9463860705950491,0.4775755904788163,0.06743715000595735,,116,1894252,,,,,,
results/p8b_sord_s1234_voxsel.json,perrec_25hz,logs/p8b_sord_s1234/step3000.pt,/media/edabk/500GB Hard Disk/data_diar/voxconverse/vox_sel.json,0.5561472268807316,0.5015812810729392,0.4964255487728019,0.9005876726011112,,0.7271052727250694,0.94820319632569,0.47680344402392,0.07247699444824703,,116,1894252,,,,,,
results/p8b_sord_s2345_voxsel.json,perrec_25hz,logs/p8b_sord_s2345/step3000.pt,/media/edabk/500GB Hard Disk/data_diar/voxconverse/vox_sel.json,0.556881812332993,0.4991448389402137,0.508902561526871,0.90132991808904,,0.7138404606890546,0.9482164119865053,0.48536415846654724,0.080106218189865,,116,1894252,,,,,,
results/p8b_sord_s3456_voxsel.json,perrec_25hz,logs/p8b_sord_s3456/step3000.pt,/media/edabk/500GB Hard Disk/data_diar/voxconverse/vox_sel.json,0.5554847687779026,0.5002276299495942,0.49848016968920533,0.8984981934821766,,0.7310881253880306,0.9462441219076462,0.4735076161544734,0.07109921166146066,,116,1894252,,,,,,
results/p8c2aux_trt_s1234_voxsel.json,perrec_25hz,logs/p8c2aux_trt_s1234/step3000.pt,/media/edabk/500GB Hard Disk/data_diar/voxconverse/vox_sel.json,0.566530153993157,0.5059279332466408,0.5258284408369124,0.9059248716643825,,0.7308057009608036,0.9503485450346993,0.5028861694758716,0.08208020050125313,,116,1894252,,,,,,
results/p8c2aux_trt_s2345_voxsel.json,perrec_25hz,logs/p8c2aux_trt_s2345/step3000.pt,/media/edabk/500GB Hard Disk/data_diar/voxconverse/vox_sel.json,0.5627244466756126,0.5019290505271202,0.5239608101717719,0.9049682935533393,,0.7169195318779378,0.9497438901628982,0.49782202862476665,0.08641233603684792,,116,1894252,,,,,,
results/p8c2aux_trt_s3456_voxsel.json,perrec_25hz,logs/p8c2aux_trt_s3456/step3000.pt,/media/edabk/500GB Hard Disk/data_diar/voxconverse/vox_sel.json,0.5648544085482177,0.5042268786499139,0.524726227802033,0.9038031898606943,,0.7373539538955354,0.9484990128941095,0.49459665554930793,0.07896801185391789,,116,1894252,,,,,,
results/p8caux_trt_s1234_voxsel.json,perrec_25hz,logs/p8caux_trt_s1234/step3000.pt,/media/edabk/500GB Hard Disk/data_diar/voxconverse/vox_sel.json,0.566271321340092,0.5050786330885473,0.5265587092447582,0.9054054054054054,,0.728625882284737,0.9499498048829685,0.5032562283046109,0.08325336988805118,,116,1894252,,,,,,
results/p8caux_trt_s2345_voxsel.json,perrec_25hz,logs/p8caux_trt_s2345/step3000.pt,/media/edabk/500GB Hard Disk/data_diar/voxconverse/vox_sel.json,0.5627823490153434,0.5018153507920381,0.52507370704859,0.9047212303326062,,0.7166600918489628,0.9495473841754158,0.4989445403953177,0.0859773796416775,,116,1894252,,,,,,
results/p8caux_trt_s3456_voxsel.json,perrec_25hz,logs/p8caux_trt_s3456/step3000.pt,/media/edabk/500GB Hard Disk/data_diar/voxconverse/vox_sel.json,0.564810627511764,0.5043810446974523,0.5238315775741169,0.9034948887476428,,0.7363231715576147,0.9482558895513649,0.49465273321722114,0.08001071572085547,,116,1894252,,,,,,
results/p8d1aux_trt_s1234_voxsel.json,perrec_25hz,logs/p8d1aux_trt_s1234/step3000.pt,/media/edabk/500GB Hard Disk/data_diar/voxconverse/vox_sel.json,0.5671987813900821,0.5063092812504446,0.5255471574104502,0.9061318135073897,,0.731434214634784,0.9503511245759281,0.502881546621358,0.08412823972825835,,116,1894252,,,,,,
results/p8d1aux_trt_s2345_voxsel.json,perrec_25hz,logs/p8d1aux_trt_s2345/step3000.pt,/media/edabk/500GB Hard Disk/data_diar/voxconverse/vox_sel.json,0.5619055445019745,0.5010833361200064,0.5221678773417004,0.9043918127049622,,0.7155367548883814,0.9494722510377452,0.49578637810892345,0.08682679397284797,,116,1894252,,,,,,
results/p8d1aux_trt_s3456_voxsel.json,perrec_25hz,logs/p8d1aux_trt_s3456/step3000.pt,/media/edabk/500GB Hard Disk/data_diar/voxconverse/vox_sel.json,0.5645804751410683,0.5040907629503805,0.5212774213576159,0.9033301799338208,,0.7370484929878661,0.9482466432016686,0.4920181099794481,0.0810086543952906,,116,1894252,,,,,,
results/p8d2aux_trt_s1234_voxsel.json,perrec_25hz,logs/p8d2aux_trt_s1234/step3000.pt,/media/edabk/500GB Hard Disk/data_diar/voxconverse/vox_sel.json,0.567105255542845,0.5062030697692587,0.5257940029847018,0.9062226145201377,,0.7321944147977124,0.9504584890276607,0.5020556524679357,0.08371246587807098,,116,1894252,,,,,,
results/p8d2aux_trt_s2345_voxsel.json,perrec_25hz,logs/p8d2aux_trt_s2345/step3000.pt,/media/edabk/500GB Hard Disk/data_diar/voxconverse/vox_sel.json,0.5626384158362173,0.5015978088756626,0.5244486481805889,0.9050263639684688,,0.7169162534572546,0.94980326180406,0.49746598887957477,0.0863681592039801,,116,1894252,,,,,,
results/p8d2aux_trt_s3456_voxsel.json,perrec_25hz,logs/p8d2aux_trt_s3456/step3000.pt,/media/edabk/500GB Hard Disk/data_diar/voxconverse/vox_sel.json,0.5649213638883106,0.5040951872792836,0.523079130310026,0.9037187238023241,,0.738080006724039,0.9484397140120143,0.4931553100061387,0.0800104248110503,,116,1894252,,,,,,
results/p8ft_s1234_voxsel.json,perrec_25hz,logs/p8ft_s1234/step400.pt,/media/edabk/500GB Hard Disk/data_diar/voxconverse/vox_sel.json,0.5707572854465105,0.5064912215309211,0.5403622373643643,0.9065594229278893,,0.7397002464535453,0.9501055535366729,0.4989162687653463,0.09430707303047729,,116,1894252,,,,,,
results/p8ft_s2345_voxsel.json,perrec_25hz,logs/p8ft_s2345/step400.pt,/media/edabk/500GB Hard Disk/data_diar/voxconverse/vox_sel.json,0.5311033734459132,0.4829334800431581,0.4580905227183105,0.890613286933312,,0.6701119181542696,0.9452731166045395,0.4460558204987882,0.06297263852605528,,116,1894252,,,,,,
results/p8ft_s3456_voxsel.json,perrec_25hz,logs/p8ft_s3456/step400.pt,/media/edabk/500GB Hard Disk/data_diar/voxconverse/vox_sel.json,0.5751453814461326,0.5112855488457437,0.54582352463674,0.9100953832964146,,0.7489441082916797,0.951969033180597,0.5105103223583222,0.0891580619539317,,116,1894252,,,,,,
results/p8ftlr15e5_s1234_voxsel.json,perrec_25hz,logs/p8ftlr15e5_s1234/step400.pt,/media/edabk/500GB Hard Disk/data_diar/voxconverse/vox_sel.json,0.5748471201236549,0.5090460633305974,0.5477099236641222,0.9084440718552759,,0.7383210962067668,0.9509522214984482,0.5129333354902372,0.09718182729916756,,116,1894252,,,,,,
results/p8ftlr15e5_s2345_voxsel.json,perrec_25hz,logs/p8ftlr15e5_s2345/step400.pt,/media/edabk/500GB Hard Disk/data_diar/voxconverse/vox_sel.json,0.5410764715076375,0.4888646292429286,0.48228005834794985,0.8949168326072772,,0.6824241617200425,0.9461850116131302,0.4645006183116982,0.07119609438567942,,116,1894252,,,,,,
results/p8ftlr15e5_s3456_voxsel.json,perrec_25hz,logs/p8ftlr15e5_s3456/step400.pt,/media/edabk/500GB Hard Disk/data_diar/voxconverse/vox_sel.json,0.5696980449907912,0.5082151738083993,0.5304499097852308,0.9079071844717598,,0.7442371341660923,0.9510683250239663,0.49984263297513604,0.08364408779797025,,116,1894252,,,,,,
results/p8ftlr15e5_s4567_voxsel.json,perrec_25hz,logs/p8ftlr15e5_s4567/step400.pt,/media/edabk/500GB Hard Disk/data_diar/voxconverse/vox_sel.json,0.5507249592976659,0.4954793402141405,0.4983764782984301,0.8984047529051045,,0.7132059983582598,0.947147279346729,0.4616162538362677,0.08093030564940677,,116,1894252,,,,,,
results/p8ftlr15e5_s5678_voxsel.json,perrec_25hz,logs/p8ftlr15e5_s5678/step400.pt,/media/edabk/500GB Hard Disk/data_diar/voxconverse/vox_sel.json,0.573000131349326,0.5076519843288957,0.5350781723506448,0.9067758672024631,,0.7384110731163791,0.9495639292381944,0.5086545655284624,0.0953709575142676,,116,1894252,,,,,,
results/p8ftlr1e5_s1234_voxsel.json,perrec_25hz,logs/p8ftlr1e5_s1234/step400.pt,/media/edabk/500GB Hard Disk/data_diar/voxconverse/vox_sel.json,0.5734384184945638,0.5085583011033136,0.5447525544325091,0.908051832596719,,0.7377193232447016,0.9508737913489163,0.5095640587248457,0.0955965006597918,,116,1894252,,,,,,
results/p8ftlr1e5_s2345_voxsel.json,perrec_25hz,logs/p8ftlr1e5_s2345/step400.pt,/media/edabk/500GB Hard Disk/data_diar/voxconverse/vox_sel.json,0.5471901405227626,0.4924590779512258,0.4951750622024931,0.8980325743354105,,0.690296831747981,0.9473345534778449,0.4780002164267935,0.07312896043843123,,116,1894252,,,,,,
results/p8ftlr1e5_s3456_voxsel.json,perrec_25hz,logs/p8ftlr1e5_s3456/step400.pt,/media/edabk/500GB Hard Disk/data_diar/voxconverse/vox_sel.json,0.5688983130584656,0.5076764911521943,0.529495990836197,0.9078691747454932,,0.7412842063587106,0.9510835682963463,0.5009296548609282,0.08229582271787723,,116,1894252,,,,,,
results/p8ftlr1e5_s4567_voxsel.json,perrec_25hz,logs/p8ftlr1e5_s4567/step400.pt,/media/edabk/500GB Hard Disk/data_diar/voxconverse/vox_sel.json,0.552633894716784,0.4965630697454751,0.4998389655624873,0.8993391586758256,,0.7169303686483562,0.9475293715953005,0.46473267465489454,0.08134316396858471,,116,1894252,,,,,,
results/p8ftlr1e5_s5678_voxsel.json,perrec_25hz,logs/p8ftlr1e5_s5678/step400.pt,/media/edabk/500GB Hard Disk/data_diar/voxconverse/vox_sel.json,0.5720567634449191,0.507080130762613,0.5336185420443726,0.9064221655830376,,0.7372369923340402,0.949516788274899,0.5068058076225046,0.0946674655482325,,116,1894252,,,,,,
results/p8ftlr3e5_s4567_voxsel.json,perrec_25hz,logs/p8ftlr3e5_s4567/step400.pt,/media/edabk/500GB Hard Disk/data_diar/voxconverse/vox_sel.json,0.5474686516693322,0.49281224753270575,0.5017035100229776,0.8963796791556773,,0.7021245580528879,0.9460140237190684,0.46100279557619933,0.08073322932917316,,116,1894252,,,,,,
results/p8ftlr3e5_s5678_voxsel.json,perrec_25hz,logs/p8ftlr3e5_s5678/step400.pt,/media/edabk/500GB Hard Disk/data_diar/voxconverse/vox_sel.json,0.5876033439092667,0.51520727140942,0.5672852913557416,0.9128748445296613,,0.7458055230556236,0.9521543398004918,0.5404664136947662,0.11198709908618527,,116,1894252,,,,,,
results/partial_unfreeze_head_only_step100_composite_dev.json,composite_dev,logs/wavlm_partial_unfreeze_head_only/step100.pt,,0.6098228318849741,,,,,,,,,,,,,,,,"{""ami_dev"": {""macro_f1"": 0.7115361376447319, ""n_recordings"": 1735, ""f1_per_class"": [0.8462343650885609, 0.9222365652557417, 0.6865396312979314, 0.39113398893669327]}, ""dipco_dev"": {""macro_f1"": 0.49400958528611194, ""n_recordings"": 329, ""f1_per_class"": [0.5849523573815123, 0.7708614191432881, 0.4333905902202526, 0.18683397439939464]}, ""vox_sel"": {""macro_f1"": 0.6239227727240785, ""n_recordings"": 2565, ""f1_per_class"": [0.7867689995441833, 0.9601089695398773, 0.5789256722475901, 0.16988744956466342]}}",
results/partial_unfreeze_head_only_step200_composite_dev.json,composite_dev,logs/wavlm_partial_unfreeze_head_only/step200.pt,,0.6081719484686162,,,,,,,,,,,,,,,,"{""ami_dev"": {""macro_f1"": 0.71302421122142, ""n_recordings"": 1735, ""f1_per_class"": [0.8466508769607911, 0.9223445284071895, 0.6779580171635947, 0.40514342235410483]}, ""dipco_dev"": {""macro_f1"": 0.4969517709044875, ""n_recordings"": 329, ""f1_per_class"": [0.5821875188181216, 0.7667456049200139, 0.4348271132311094, 0.20404684664870512]}, ""vox_sel"": {""macro_f1"": 0.6145398632799411, ""n_recordings"": 2565, ""f1_per_class"": [0.789465640056826, 0.9607922729959554, 0.5617359819293117, 0.14616555813767132]}}",
results/partial_unfreeze_head_only_step400_composite_dev.json,composite_dev,logs/wavlm_partial_unfreeze_head_only/step400.pt,,0.6051233978025669,,,,,,,,,,,,,,,,"{""ami_dev"": {""macro_f1"": 0.7108788525857133, ""n_recordings"": 1735, ""f1_per_class"": [0.8526954797387906, 0.9222119878858928, 0.670611805586349, 0.39799613713182036]}, ""dipco_dev"": {""macro_f1"": 0.489266651704763, ""n_recordings"": 329, ""f1_per_class"": [0.5841998757788864, 0.7577293327599326, 0.41656883757498736, 0.19856856070524573]}, ""vox_sel"": {""macro_f1"": 0.6152246891172242, ""n_recordings"": 2565, ""f1_per_class"": [0.7932921549663667, 0.9612964065576952, 0.567835822899233, 0.138474372045602]}}",
results/partial_unfreeze_unfreeze_last2_step100_composite_dev.json,composite_dev,logs/wavlm_partial_unfreeze_last2/step100.pt,,0.6097776916188385,,,,,,,,,,,,,,,,"{""ami_dev"": {""macro_f1"": 0.7116858302600451, ""n_recordings"": 1735, ""f1_per_class"": [0.8459889912012264, 0.922110241452862, 0.6870426377275692, 0.3916014506585226]}, ""dipco_dev"": {""macro_f1"": 0.4952101692612988, ""n_recordings"": 329, ""f1_per_class"": [0.5878671562082778, 0.770783908900886, 0.43606854838709674, 0.18612106354893454]}, ""vox_sel"": {""macro_f1"": 0.622437075335172, ""n_recordings"": 2565, ""f1_per_class"": [0.7854361582647675, 0.9597421658169794, 0.5755041273355107, 0.16906584992343032]}}",
results/partial_unfreeze_unfreeze_last2_step200_composite_dev.json,composite_dev,logs/wavlm_partial_unfreeze_last2/step200.pt,,0.6085397879869103,,,,,,,,,,,,,,,,"{""ami_dev"": {""macro_f1"": 0.7134348382391243, ""n_recordings"": 1735, ""f1_per_class"": [0.8465825708940021, 0.9224957466060333, 0.6795517917589827, 0.40510924369747897]}, ""dipco_dev"": {""macro_f1"": 0.49683749793935633, ""n_recordings"": 329, ""f1_per_class"": [0.5852317840346912, 0.7641943533274684, 0.4357548676681696, 0.20216898672709613]}, ""vox_sel"": {""macro_f1"": 0.6153470277822505, ""n_recordings"": 2565, ""f1_per_class"": [0.788776219477003, 0.9607618211459077, 0.5641386154991317, 0.14771145500695979]}}",
results/partial_unfreeze_unfreeze_last2_step400_composite_dev.json,composite_dev,logs/wavlm_partial_unfreeze_last2/step400.pt,,0.6045770058971179,,,,,,,,,,,,,,,,"{""ami_dev"": {""macro_f1"": 0.7099025852962838, ""n_recordings"": 1735, ""f1_per_class"": [0.8527248627153948, 0.9220440889654952, 0.6688041349512407, 0.39603725455300476]}, ""dipco_dev"": {""macro_f1"": 0.48812715325273337, ""n_recordings"": 329, ""f1_per_class"": [0.5816423589093215, 0.7565112977484112, 0.4154334723152369, 0.1989214840379638]}, ""vox_sel"": {""macro_f1"": 0.615701279142337, ""n_recordings"": 2565, ""f1_per_class"": [0.7929006324287525, 0.9610683037178152, 0.5695876516767415, 0.13924852874603894]}}",
results/partial_unfreeze_unfreeze_last4_step100_composite_dev.json,composite_dev,logs/wavlm_partial_unfreeze_last4/step100.pt,,0.6090114845179477,,,,,,,,,,,,,,,,"{""ami_dev"": {""macro_f1"": 0.7119665314100374, ""n_recordings"": 1735, ""f1_per_class"": [0.846517699515195, 0.9222387903811837, 0.6869888416914981, 0.3921207940522725]}, ""dipco_dev"": {""macro_f1"": 0.49411785335570235, ""n_recordings"": 329, ""f1_per_class"": [0.5866456992695898, 0.7696658246213204, 0.4347430925836161, 0.18541679694828345]}, ""vox_sel"": {""macro_f1"": 0.6209500687881033, ""n_recordings"": 2565, ""f1_per_class"": [0.7852022263450834, 0.9596716168789762, 0.5747993529521558, 0.1641270789761976]}}",
results/partial_unfreeze_unfreeze_last4_step200_composite_dev.json,composite_dev,logs/wavlm_partial_unfreeze_last4/step200.pt,,0.6083648449581585,,,,,,,,,,,,,,,,"{""ami_dev"": {""macro_f1"": 0.7137522030707436, ""n_recordings"": 1735, ""f1_per_class"": [0.8466046368169435, 0.9225461813444196, 0.6818674490715559, 0.40399054505005566]}, ""dipco_dev"": {""macro_f1"": 0.4967685174183356, ""n_recordings"": 329, ""f1_per_class"": [0.5828702585165499, 0.765964936296702, 0.4373456415239483, 0.2008932333361422]}, ""vox_sel"": {""macro_f1"": 0.614573814385396, ""n_recordings"": 2565, ""f1_per_class"": [0.7884526558891455, 0.9607857321073562, 0.5642856552533493, 0.14477121429173337]}}",
results/partial_unfreeze_unfreeze_last4_step400_composite_dev.json,composite_dev,logs/wavlm_partial_unfreeze_last4/step400.pt,,0.6034643904511551,,,,,,,,,,,,,,,,"{""ami_dev"": {""macro_f1"": 0.7089764628188714, ""n_recordings"": 1735, ""f1_per_class"": [0.8532771068460142, 0.9216706780734643, 0.6662718126619204, 0.3946862536940866]}, ""dipco_dev"": {""macro_f1"": 0.48820627121714544, ""n_recordings"": 329, ""f1_per_class"": [0.5797764327819727, 0.7541730754473358, 0.41799961456928114, 0.20087596206999192]}, ""vox_sel"": {""macro_f1"": 0.6132104373174482, ""n_recordings"": 2565, ""f1_per_class"": [0.7910557149631872, 0.9604740820966933, 0.5650916104146577, 0.1362203417952547]}}",
results/probe_stack0_s1234_voxsel.json,perrec_25hz,logs/probe_stack0_s1234/step3000.pt,/media/edabk/500GB Hard Disk/data_diar/voxconverse/vox_sel.json,0.5429732625873935,0.4893280211816347,0.4930281733938678,0.8974898799103815,,0.6990672460333789,0.9464547954042525,0.47048134126554897,0.05588966764639385,,116,1894252,,,,,,
results/probe_stack1_s1234_voxsel.json,perrec_25hz,logs/probe_stack1_s1234/step3000.pt,/media/edabk/500GB Hard Disk/data_diar/voxconverse/vox_sel.json,0.5625967503302138,0.5013037240924045,0.5165287661009097,0.9050691249105187,,0.7313269070745303,0.9497548894235555,0.48883027078583025,0.08047493403693931,,116,1894252,,,,,,
results/probe_stack2_s1234_voxsel.json,perrec_25hz,logs/probe_stack2_s1234/step3000.pt,/media/edabk/500GB Hard Disk/data_diar/voxconverse/vox_sel.json,0.5460157306792263,0.4886881132664454,0.4762182200364423,0.8934529302331474,,0.7179254240891838,0.9438820382641787,0.4362139370319629,0.08604152333157958,,116,1894252,,,,,,
results/probe_stack3_s1234_voxsel.json,perrec_25hz,logs/probe_stack3_s1234/step3000.pt,/media/edabk/500GB Hard Disk/data_diar/voxconverse/vox_sel.json,0.5300853248666039,0.47847278450064545,0.44742659516676436,0.8859581512913804,,0.703462487027806,0.9400249065691231,0.39847638395124435,0.07837752191824231,,116,1894252,,,,,,
results/probe_stack4_s1234_voxsel.json,perrec_25hz,logs/probe_stack4_s1234/step3000.pt,/media/edabk/500GB Hard Disk/data_diar/voxconverse/vox_sel.json,0.5062079485054309,0.459291343433401,0.3541251862186384,0.8750836741890731,,0.6946268632120168,0.9335144741469732,0.3169220803923484,0.07976837627038524,,116,1894252,,,,,,
results/probe_stack5_s1234_voxsel.json,perrec_25hz,logs/probe_stack5_s1234/step3000.pt,/media/edabk/500GB Hard Disk/data_diar/voxconverse/vox_sel.json,0.5050292136993483,0.4529568531839688,0.3652709454583514,0.8851119069690833,,0.6695600801164282,0.9396474454735584,0.33436167957986956,0.07654764962753662,,116,1894252,,,,,,
results/pyrmask_all6_s1234_voxsel.json,perrec_25hz,logs/pyrmask_all6_s1234/step3000.pt,/media/edabk/500GB Hard Disk/data_diar/voxconverse/vox_sel.json,0.5589650685407479,0.5018861800860016,0.496415748031496,0.9021983347516592,,0.7254834035120247,0.9477434959662693,0.4758168461533043,0.08681652853139347,,116,1894252,,,,,,
results/pyrmask_all6_s2345_voxsel.json,perrec_25hz,logs/pyrmask_all6_s2345/step3000.pt,/media/edabk/500GB Hard Disk/data_diar/voxconverse/vox_sel.json,0.5589426886541156,0.4998694970663142,0.4957936417574354,0.9021297060792334,,0.7234460287744586,0.9475175202582587,0.47216623712245165,0.09264096846129341,,116,1894252,,,,,,
results/pyrmask_all6_s3456_voxsel.json,perrec_25hz,logs/pyrmask_all6_s3456/step3000.pt,/media/edabk/500GB Hard Disk/data_diar/voxconverse/vox_sel.json,0.5547525803651896,0.4995625195074237,0.4836922554141712,0.8988260273712262,,0.726296631990441,0.945684873129615,0.463246851333973,0.08378196500672948,,116,1894252,,,,,,
results/pyrmask_pre012_s1234_voxsel.json,perrec_25hz,logs/pyrmask_pre012_s1234/step3000.pt,/media/edabk/500GB Hard Disk/data_diar/voxconverse/vox_sel.json,0.5670749527403358,0.5061864695347282,0.5258169676893552,0.9061914676611137,,0.7321980749967335,0.9504377519734364,0.501966749638917,0.08369723435225618,,116,1894252,,,,,,
results/pyrmask_pre012_s2345_voxsel.json,perrec_25hz,logs/pyrmask_pre012_s2345/step3000.pt,/media/edabk/500GB Hard Disk/data_diar/voxconverse/vox_sel.json,0.5626344180532586,0.5016171739047818,0.524419882145354,0.904974628507717,,0.7168497347381007,0.9497733738791885,0.49738614348534704,0.08652842011039834,,116,1894252,,,,,,
results/pyrmask_pre012_s3456_voxsel.json,perrec_25hz,logs/pyrmask_pre012_s3456/step3000.pt,/media/edabk/500GB Hard Disk/data_diar/voxconverse/vox_sel.json,0.5648608285904414,0.5040420705120892,0.5229798522979852,0.9036743791216797,,0.7380507754507512,0.9484150484097158,0.49300527672107003,0.07997221378022835,,116,1894252,,,,,,
results/stackgrad_all6_s1234_voxsel.json,perrec_25hz,logs/stackgrad_all6_s1234/step3000.pt,/media/edabk/500GB Hard Disk/data_diar/voxconverse/vox_sel.json,0.5615223590750584,0.5025376006231173,0.507472325914827,0.9050026078895522,,0.7226985033135596,0.9493589156289386,0.49108792677033286,0.08294409058740268,,116,1894252,,,,,,
results/stackgrad_all6_s2345_voxsel.json,perrec_25hz,logs/stackgrad_all6_s2345/step3000.pt,/media/edabk/500GB Hard Disk/data_diar/voxconverse/vox_sel.json,0.5659874682915462,0.5041505255163504,0.5151717150170648,0.9074003881215382,,0.725920929436519,0.9504031257828958,0.4926871194242928,0.09493869852247722,,116,1894252,,,,,,
results/stackgrad_all6_s3456_voxsel.json,perrec_25hz,logs/stackgrad_all6_s3456/step3000.pt,/media/edabk/500GB Hard Disk/data_diar/voxconverse/vox_sel.json,0.5651787106943196,0.5041299687102977,0.5060768045974037,0.9053716189820573,,0.7345476145265813,0.9489433495366721,0.4893457006768613,0.08787817803716375,,116,1894252,,,,,,
results/stackgrad_only1_s1234_voxsel.json,perrec_25hz,logs/stackgrad_only1_s1234/step3000.pt,/media/edabk/500GB Hard Disk/data_diar/voxconverse/vox_sel.json,0.5610124549988776,0.49887589118261044,0.5200563123351774,0.9052665643219593,,0.7263367862507559,0.9499227948661297,0.49436057211365914,0.07342966676496608,,116,1894252,,,,,,
results/stackgrad_only1_s2345_voxsel.json,perrec_25hz,logs/stackgrad_only1_s2345/step3000.pt,/media/edabk/500GB Hard Disk/data_diar/voxconverse/vox_sel.json,0.5606471197971064,0.4982916041929629,0.5170896385035729,0.9053278022142777,,0.7260326427498682,0.9496585732679133,0.4883190541209657,0.0785782090496783,,116,1894252,,,,,,
results/stackgrad_only1_s3456_voxsel.json,perrec_25hz,logs/stackgrad_only1_s3456/step3000.pt,/media/edabk/500GB Hard Disk/data_diar/voxconverse/vox_sel.json,0.5674819198575084,0.5043253275563891,0.5292129737749509,0.9065351389361077,,0.7402123875533199,0.9497182841133628,0.49568200450504224,0.0843150032583087,,116,1894252,,,,,,
results/stackgrad_pre012_s1234_voxsel.json,perrec_25hz,logs/stackgrad_pre012_s1234/step3000.pt,/media/edabk/500GB Hard Disk/data_diar/voxconverse/vox_sel.json,0.5646345756562725,0.5037487957835528,0.5271835236866947,0.9067035431399835,,0.7272727272727274,0.9508449173991145,0.5087709903224572,0.07164966763079109,,116,1894252,,,,,,
results/stackgrad_pre012_s2345_voxsel.json,perrec_25hz,logs/stackgrad_pre012_s2345/step3000.pt,/media/edabk/500GB Hard Disk/data_diar/voxconverse/vox_sel.json,0.5704179532003614,0.5054276800909231,0.5368117164739846,0.9072562679094439,,0.7311198473413002,0.9506972409354959,0.5084324170431473,0.09142230748150178,,116,1894252,,,,,,
results/stackgrad_pre012_s3456_voxsel.json,perrec_25hz,logs/stackgrad_pre012_s3456/step3000.pt,/media/edabk/500GB Hard Disk/data_diar/voxconverse/vox_sel.json,0.570416787676018,0.5059474423102545,0.5398761130468447,0.9082170693234057,,0.7398203365366355,0.9508828830170694,0.5050812194926783,0.0858827116576888,,116,1894252,,,,,,
